word,score,postags
in,0.4704870557820835,"s, n, r"
on,0.8299094544059316,"a, r"
as,0.9698847052128984,"n, r"
not,1.049803919971486,r
by,1.0800837999301496,r
but,1.109572124974976,r
so,1.2201720062242811,"n, r"
all,1.2201720062242811,"s, a, r"
just,1.310247719997592,"s, a, r"
about,1.3403262785189616,"s, r"
up,1.3508339156354674,"s, a, v, r"
out,1.3597887582883936,"a, r, s, n, v"
more,1.3801645176601116,"a, n, r"
no,1.3897519816658372,"a, n, r"
there,1.4303698325741008,"n, r"
new,1.489579997691106,"s, a, r"
some,1.5413429130455774,"s, a, r"
also,1.5496683018297082,r
now,1.5610230527068305,"n, r"
good,1.6194260687941495,"s, a, n, r"
only,1.6194260687941495,"s, r"
after,1.6294102897007507,"s, r"
first,1.6294102897007507,"s, a, n, r"
over,1.6608187539523749,"s, n, r"
any,1.6718141382538385,"s, r"
then,1.6718141382538385,"s, n, r"
back,1.6986073148417746,"a, r, s, n, v"
well,1.7106162223147898,"a, r, s, n, v"
way,1.731399828238082,"n, r"
most,1.7399999999999995,"a, r"
very,1.7399999999999995,"s, r"
much,1.7399999999999995,"a, n, r"
even,1.7501054362812265,"a, r, s, n, v"
here,1.7701183562535,"s, n, r"
really,1.7701183562535,r
right,1.7800051616715835,"a, r, s, n, v"
too,1.7901222959631249,r
before,1.810070439915412,r
off,1.810070439915412,"s, a, v, r"
still,1.819876673709276,"a, r, s, n, v"
never,1.8299094544059316,r
down,1.8597582241045192,"a, r, s, n, v"
through,1.8701817920206716,"s, r"
last,1.880261433802853,"a, r, s, n, v"
such,1.899893905543242,"s, r"
best,1.899893905543242,"a, r, s, n, v"
home,1.929767482004916,"a, r, s, n, v"
long,1.929767482004916,"s, a, v, r"
part,1.9596826878598483,"r, n, v"
between,1.969884705212898,r
around,1.969884705212898,r
better,1.9803321553103697,"a, r, s, n, v"
always,1.9803321553103697,r
little,1.9902636844309385,"s, a, n, r"
high,1.9902636844309385,"s, a, n, r"
under,2.0100257143004443,"s, r"
next,2.0401622741327543,"s, r"
again,2.0401622741327543,r
each,2.0498039199714864,"s, r"
big,2.0697541469258756,"s, a, r"
sure,2.0697541469258756,"s, a, r"
ever,2.08008379993015,r
please,2.08008379993015,"v, r"
free,2.109572124974976,"a, r, s, n, v"
second,2.109572124974976,"a, r, s, n, v"
away,2.119863945026242,"s, a, r"
left,2.119863945026242,"a, r, s, n, v"
real,2.1401169279263117,"s, a, n, r"
however,2.160216403383189,r
today,2.189771646944906,"n, r"
nothing,2.189771646944906,"n, r"
already,2.189771646944906,r
enough,2.199670525209126,"s, n, r"
full,2.199670525209126,"a, r, s, n, v"
live,2.199670525209126,"s, a, v, r"
yet,2.199670525209126,r
once,2.2098003017969177,r
hard,2.2098003017969177,"s, a, r"
bad,2.2098003017969177,"s, a, n, r"
small,2.2294549897933873,"s, a, n, r"
though,2.240312917381596,r
far,2.240312917381596,"s, a, n, r"
actually,2.2500415205751647,r
less,2.2500415205751647,"s, a, r"
later,2.2500415205751647,"s, a, r"
together,2.2806075122407687,"s, r"
whole,2.2806075122407687,"s, a, n, r"
maybe,2.2897508916806384,r
course,2.3006673061697365,"r, n, v"
within,2.3006673061697365,r
least,2.3006673061697365,"a, n, r"
early,2.3102477199975917,"s, a, r"
ago,2.320044251510242,"s, r"
half,2.330066876668705,"s, a, n, r"
often,2.330066876668705,r
true,2.340326278518962,"a, r, s, n, v"
south,2.340326278518962,"a, n, r"
large,2.3508339156354676,"s, a, n, r"
wrong,2.3508339156354676,"a, r, s, n, v"
almost,2.3508339156354676,r
pretty,2.359788758288394,"s, r"
along,2.359788758288394,r
needs,2.370784142589857,"r, n, v"
yeah,2.370784142589857,r
probably,2.370784142589857,r
close,2.380164517660112,"a, r, s, n, v"
past,2.380164517660112,"s, a, n, r"
due,2.389751981665837,"s, a, n, r"
late,2.3995558851598817,"s, a, r"
north,2.3995558851598817,"a, n, r"
light,2.4095862266508092,"a, r, s, n, v"
short,2.4095862266508092,"a, r, s, n, v"
low,2.4095862266508092,"a, r, s, n, v"
either,2.4095862266508092,r
rather,2.419853713888945,r
third,2.419853713888945,"s, n, r"
soon,2.419853713888945,r
further,2.430369832574101,"s, v, r"
quite,2.449965388637481,r
easy,2.449965388637481,"s, a, r"
non,2.449965388637481,r
behind,2.449965388637481,"s, n, r"
west,2.449965388637481,"a, n, r"
near,2.449965388637481,"s, a, v, r"
sometimes,2.458966632752272,r
outside,2.4895799976911057,"s, a, n, r"
clear,2.4895799976911057,"a, r, s, n, v"
across,2.4895799976911057,r
instead,2.4994507517174,r
fine,2.509551078621725,"a, r, s, n, v"
especially,2.530484985457369,r
likely,2.541342913045577,"s, a, r"
above,2.541342913045577,"s, n, r"
inside,2.5496683018297075,"s, a, n, r"
dead,2.5496683018297075,"s, a, n, r"
finally,2.569738284605042,r
east,2.578631997765025,"a, n, r"
longer,2.578631997765025,"s, a, n, r"
alone,2.578631997765025,"s, r"
usually,2.5907808873446196,r
exactly,2.5907808873446196,r
round,2.6001209135987633,"a, r, s, n, v"
ok,2.6001209135987633,"s, n, r"
fast,2.6096662315049937,"a, r, s, n, v"
forward,2.6194260687941497,"a, r, s, n, v"
damn,2.6500948885606013,"r, s, n, v"
perhaps,2.6500948885606013,r
currently,2.660818753952375,r
simply,2.660818753952375,r
super,2.660818753952375,"s, n, r"
daily,2.671814138253838,"s, n, r"
deep,2.6907819773298183,"s, a, n, r"
below,2.6907819773298183,r
straight,2.698607314841775,"s, a, n, r"
tonight,2.7106162223147905,"n, r"
tomorrow,2.718810700930062,"n, r"
recently,2.718810700930062,r
double,2.7313998282380823,"a, r, s, n, v"
ahead,2.7313998282380823,"s, r"
quickly,2.7399999999999993,r
nearly,2.7399999999999993,r
completely,2.7399999999999993,r
certainly,2.7399999999999993,r
throughout,2.7501054362812267,r
fair,2.7501054362812267,"a, r, s, n, v"
extra,2.759996628416254,"s, n, r"
beyond,2.759996628416254,r
quick,2.759996628416254,"s, n, r"
immediately,2.759996628416254,r
absolutely,2.759996628416254,r
clean,2.770118356253501,"a, r, s, n, v"
heavy,2.7800051616715837,"s, a, n, r"
particularly,2.7800051616715837,r
wide,2.7800051616715837,"s, a, r"
definitely,2.7800051616715837,r
generally,2.7901222959631244,r
pro,2.7999818449923373,"a, n, r"
seriously,2.7999818449923373,r
worst,2.8100704399154113,"a, r, s, n, v"
none,2.8100704399154113,"s, n, r"
clearly,2.8198766737092757,r
anyway,2.8299094544059313,r
sweet,2.8299094544059313,"s, a, n, r"
yesterday,2.8299094544059313,"n, r"
direct,2.8299094544059313,"s, a, v, r"
literally,2.8299094544059313,r
thus,2.8299094544059313,"n, r"
easily,2.8299094544059313,r
directly,2.840179497572904,r
fully,2.8501382787418112,r
highly,2.8501382787418112,r
worse,2.8501382787418112,"s, a, n, r"
lots,2.859758224104519,"r, n, v"
otherwise,2.859758224104519,"s, r"
eventually,2.859758224104519,r
therefore,2.870181792020672,r
pop,2.870181792020672,"r, s, n, v"
truly,2.870181792020672,r
powerful,2.8899667423102304,"s, a, r"
slow,2.8899667423102304,"s, a, v, r"
twice,2.899893905543242,r
square,2.899893905543242,"a, r, s, n, v"
previously,2.910053304058364,r
fourth,2.910053304058364,"s, n, r"
mostly,2.910053304058364,r
totally,2.910053304058364,r
fresh,2.910053304058364,"s, a, r"
obviously,2.939970640755866,r
wild,2.939970640755866,"s, a, n, r"
apparently,2.939970640755866,r
indeed,2.949714835966758,r
firm,2.949714835966758,"r, s, n, v"
extremely,2.949714835966758,r
apart,2.959682687859848,"s, r"
possibly,2.9698847052128983,r
dear,2.9698847052128983,"s, n, r"
ad,2.9803321553103697,"n, r"
slightly,2.990263684430939,r
somewhere,2.999637310505756,"n, r"
forever,2.999637310505756,r
closer,3.0100257143004443,"s, a, n, r"
plenty,3.019840696594043,"n, r"
ill,3.019840696594043,"s, a, n, r"
flat,3.019840696594043,"s, a, n, r"
entirely,3.019840696594043,r
warm,3.0298826348881835,"s, a, v, r"
anywhere,3.0298826348881835,r
honestly,3.0498039199714855,r
originally,3.0498039199714855,r
suddenly,3.0498039199714855,r
express,3.0596644865854365,"r, s, n, v"
soft,3.0596644865854365,"s, a, r"
everywhere,3.08008379993015,r
relatively,3.08008379993015,r
specifically,3.0896924768680636,r
quiet,3.0896924768680636,"a, r, s, n, v"
properly,3.0995185630295783,r
approximately,3.0995185630295783,r
faster,3.0995185630295783,"s, a, r"
passing,3.109572124974976,"a, r, s, n, v"
besides,3.109572124974976,r
basically,3.109572124974976,r
false,3.109572124974976,"s, a, r"
slowly,3.109572124974976,r
typically,3.1198639450262418,r
unfortunately,3.1198639450262418,r
opposite,3.1198639450262418,"s, a, n, r"
largely,3.13040559077478,r
bright,3.13040559077478,"s, a, r"
perfectly,3.13040559077478,r
solo,3.13040559077478,"r, s, n, v"
mainly,3.1401169279263126,r
aside,3.150050398674292,"n, r"
ultimately,3.169457060118102,r
tight,3.169457060118102,"s, a, r"
item,3.169457060118102,"n, r"
normally,3.169457060118102,r
personally,3.169457060118102,r
harder,3.169457060118102,"s, a, r"
weekly,3.169457060118102,"s, n, r"
counter,3.180093374963887,"r, s, n, v"
hopefully,3.180093374963887,r
frequently,3.180093374963887,r
nearby,3.189771646944906,"s, r"
retail,3.189771646944906,"r, n, v"
surely,3.189771646944906,r
somewhat,3.189771646944906,r
widely,3.199670525209126,r
heavily,3.199670525209126,r
significantly,3.199670525209126,r
hardly,3.2098003017969177,r
somehow,3.2098003017969177,r
officially,3.2098003017969177,r
closely,3.2098003017969177,r
constantly,3.2098003017969177,r
loud,3.2098003017969177,"s, a, r"
automatically,3.2201720062242813,r
regularly,3.2201720062242813,r
fairly,3.240312917381596,r
monthly,3.240312917381596,"s, n, r"
effectively,3.2500415205751647,r
initially,3.2500415205751647,r
rough,3.2500415205751647,"a, r, s, n, v"
barely,3.2500415205751647,r
naturally,3.2599930570428493,r
meanwhile,3.2599930570428493,"n, r"
regardless,3.2599930570428493,"s, r"
sharp,3.2599930570428493,"s, a, n, r"
necessarily,3.2599930570428493,r
primarily,3.2599930570428493,r
shortly,3.270177984021837,r
thin,3.270177984021837,"s, a, v, r"
strongly,3.270177984021837,r
thick,3.2806075122407687,"s, a, n, r"
carefully,3.2806075122407687,r
awful,3.2806075122407687,"s, a, r"
loose,3.2806075122407687,"s, a, v, r"
elsewhere,3.2806075122407687,r
successfully,3.2897508916806393,r
respectively,3.2897508916806393,r
alongside,3.2897508916806393,r
badly,3.300667306169738,r
deeply,3.300667306169738,r
plain,3.3102477199975917,"a, r, s, n, v"
afterwards,3.3200442515102413,r
alright,3.3200442515102413,"s, r"
rarely,3.3200442515102413,r
newly,3.3200442515102413,r
essentially,3.3200442515102413,r
lately,3.330066876668705,r
forth,3.340326278518961,"n, r"
decent,3.340326278518961,"s, a, r"
nowhere,3.340326278518961,"n, r"
downtown,3.340326278518961,"a, n, r"
abroad,3.3508339156354667,"s, r"
equally,3.3508339156354667,r
potentially,3.3508339156354667,r
occasionally,3.3508339156354667,r
incredibly,3.359788758288394,r
hence,3.359788758288394,r
commonly,3.359788758288394,r
increasingly,3.359788758288394,r
collect,3.370784142589857,"r, s, n, v"
merely,3.370784142589857,r
roughly,3.380164517660112,r
asleep,3.380164517660112,"s, a, r"
rapidly,3.399555885159881,r
greatly,3.4095862266508092,r
precious,3.4095862266508092,"s, r"
underground,3.419853713888946,"s, n, r"
bang,3.419853713888946,"r, n, v"
steady,3.430369832574101,"a, r, s, n, v"
piano,3.430369832574101,"a, n, r"
partly,3.438970004336019,r
similarly,3.438970004336019,r
physically,3.438970004336019,r
overseas,3.449965388637482,"s, r"
con,3.458966632752272,"r, n, v"
publicly,3.458966632752272,r
bloody,3.458966632752272,"s, a, v, r"
wherever,3.4704870557820833,r
virtually,3.479928612014925,r
yea,3.479928612014925,"n, r"
nevertheless,3.4895799976911057,r
sooner,3.4895799976911057,"n, r"
exclusively,3.4994507517174007,r
consistently,3.4994507517174007,r
pat,3.4994507517174007,"r, s, n, v"
beneath,3.4994507517174007,r
formerly,3.4994507517174007,r
subsequently,3.509551078621726,r
instantly,3.509551078621726,r
differently,3.509551078621726,r
furthermore,3.509551078621726,r
actively,3.509551078621726,r
briefly,3.5198919119599443,r
accidentally,3.5198919119599443,r
safely,3.5198919119599443,r
gradually,3.530484985457369,r
repeatedly,3.530484985457369,r
legally,3.530484985457369,r
correctly,3.530484985457369,r
bitter,3.530484985457369,"r, s, n, v"
solely,3.541342913045577,r
precisely,3.541342913045577,r
additionally,3.541342913045577,r
mentally,3.541342913045577,r
overnight,3.5496683018297084,"s, r"
practically,3.5496683018297084,r
partially,3.5496683018297084,r
consecutive,3.5610230527068305,"s, r"
sadly,3.5610230527068305,r
simultaneously,3.569738284605042,r
strictly,3.578631997765025,r
moreover,3.578631997765025,r
annually,3.578631997765025,r
deadly,3.578631997765025,"s, r"
sometime,3.578631997765025,"s, r"
southeast,3.5907808873446196,"s, n, r"
quietly,3.5907808873446196,r
aboard,3.6001209135987633,r
northwest,3.6001209135987633,"s, n, r"
alike,3.6096662315049937,"a, r"
sexually,3.6096662315049937,r
reportedly,3.6096662315049937,r
openly,3.6294102897007505,r
happily,3.6294102897007505,r
nowadays,3.6294102897007505,"n, r"
locally,3.6294102897007505,r
nearest,3.6294102897007505,"s, a, r"
seemingly,3.639629454882437,r
poorly,3.639629454882437,"s, r"
southwest,3.639629454882437,"s, n, r"
purely,3.639629454882437,r
mighty,3.639629454882437,"s, r"
technically,3.639629454882437,r
severely,3.639629454882437,r
genuinely,3.639629454882437,r
thoroughly,3.650094888560602,r
smash,3.650094888560602,"r, n, v"
surprisingly,3.650094888560602,r
importantly,3.650094888560602,r
underneath,3.660818753952375,r
permanently,3.660818753952375,r
separately,3.660818753952375,r
gently,3.660818753952375,r
historically,3.660818753952375,r
nationwide,3.671814138253838,"s, r"
altogether,3.671814138253838,"n, r"
nicely,3.671814138253838,r
freely,3.671814138253838,r
traditionally,3.679302159646387,r
independently,3.679302159646387,r
allegedly,3.679302159646387,r
temporarily,3.679302159646387,r
halfway,3.679302159646387,"s, r"
northeast,3.679302159646387,"s, n, r"
politically,3.679302159646387,r
presumably,3.679302159646387,r
someday,3.6907819773298183,r
frankly,3.6907819773298183,r
bolt,3.698607314841775,"r, n, v"
likewise,3.698607314841775,r
emotionally,3.698607314841775,r
nonetheless,3.698607314841775,r
backwards,3.698607314841775,r
anyways,3.698607314841775,r
reasonably,3.7106162223147905,r
thereby,3.7106162223147905,r
namely,3.718810700930062,r
accordingly,3.718810700930062,r
utterly,3.718810700930062,r
deliberately,3.718810700930062,r
stark,3.7313998282380823,"s, r"
privately,3.7313998282380823,r
secretly,3.7313998282380823,r
sheer,3.7313998282380823,"s, v, r"
specially,3.7313998282380823,r
formally,3.7313998282380823,r
notably,3.7313998282380823,r
considerably,3.74,r
firmly,3.74,r
kindly,3.74,"s, r"
quarterly,3.7501054362812263,"a, n, r"
accurately,3.7501054362812263,r
desperately,3.759996628416254,r
financially,3.759996628416254,r
thereafter,3.7701183562535,r
continuously,3.7701183562535,r
wholesale,3.7701183562535,"r, s, n, v"
randomly,3.7701183562535,r
slap,3.7701183562535,"r, n, v"
fortunately,3.7701183562535,r
explicitly,3.780005161671584,r
socially,3.780005161671584,r
supposedly,3.780005161671584,r
lightly,3.780005161671584,r
substantially,3.780005161671584,r
internationally,3.7901222959631258,r
dramatically,3.7901222959631258,r
overtime,3.799981844992336,"n, r"
consequently,3.799981844992336,r
overhead,3.810070439915412,"a, n, r"
readily,3.810070439915412,r
beautifully,3.819876673709276,r
luckily,3.819876673709276,r
offshore,3.8299094544059313,"s, a, r"
continually,3.8299094544059313,r
terribly,3.8299094544059313,r
inevitably,3.840179497572903,r
individually,3.840179497572903,r
stiff,3.840179497572903,"s, a, n, r"
awhile,3.8501382787418112,r
sharply,3.8501382787418112,r
positively,3.8501382787418112,r
cod,3.8501382787418112,"r, s, n, v"
sincerely,3.8501382787418112,r
yearly,3.859758224104519,"s, n, r"
critically,3.859758224104519,r
undoubtedly,3.859758224104519,r
illegally,3.870181792020671,r
upstairs,3.870181792020671,"a, n, r"
damned,3.870181792020671,"r, s, n, v"
extensively,3.870181792020671,r
secondly,3.8899667423102304,r
farther,3.8899667423102304,"s, r"
timely,3.8899667423102304,"s, r"
promptly,3.899893905543242,r
steadily,3.899893905543242,r
nationally,3.899893905543242,r
ce,3.910053304058364,"n, r"
economically,3.910053304058364,r
afterward,3.910053304058364,r
inland,3.910053304058364,"a, r"
wholly,3.910053304058364,r
overly,3.910053304058364,r
outright,3.910053304058364,"s, r"
collectively,3.91979854051436,r
broadly,3.91979854051436,r
intentionally,3.91979854051436,r
globally,3.91979854051436,r
forwards,3.929767482004916,"r, n, v"
alternatively,3.929767482004916,r
thankfully,3.939970640755865,r
predominantly,3.939970640755865,r
sufficiently,3.939970640755865,r
ie,3.939970640755865,"n, r"
flush,3.939970640755865,"r, s, n, v"
efficiently,3.949714835966758,r
loudly,3.949714835966758,r
bodily,3.959682687859849,"s, a, r"
jointly,3.959682687859849,r
foremost,3.959682687859849,"s, r"
fundamentally,3.9698847052128974,r
softly,3.9698847052128974,r
remarkably,3.9698847052128974,r
tightly,3.9803321553103688,r
professionally,3.9803321553103688,r
unusually,3.9803321553103688,r
internally,3.990263684430939,r
remotely,3.990263684430939,r
upwards,3.990263684430939,r
boiling,3.990263684430939,"r, n, v"
ideally,3.990263684430939,r
exceptionally,3.999637310505755,r
thereof,3.999637310505755,r
appropriately,3.999637310505755,r
ironically,3.999637310505755,r
comfortably,3.999637310505755,r
rightly,4.010025714300444,r
firstly,4.010025714300444,r
downstairs,4.019840696594043,"a, r"
voluntarily,4.019840696594043,r
presently,4.019840696594043,r
backward,4.0298826348881835,"s, a, r"
unexpectedly,4.0298826348881835,r
routinely,4.0298826348881835,r
downward,4.0298826348881835,"s, r"
preferably,4.0298826348881835,r
hourly,4.0298826348881835,"s, r"
outdoors,4.0298826348881835,"n, r"
upward,4.0298826348881835,"s, r"
wildly,4.0298826348881835,r
indirectly,4.0298826348881835,r
proudly,4.0298826348881835,r
manually,4.040162274132753,r
lastly,4.049803919971486,r
midway,4.049803919971486,"s, n, r"
negatively,4.049803919971486,r
smoothly,4.0596644865854365,r
visually,4.0596644865854365,r
mutually,4.0596644865854365,r
strangely,4.069754146925876,r
commercially,4.069754146925876,r
alas,4.069754146925876,"n, r"
gladly,4.069754146925876,r
statistically,4.069754146925876,r
casually,4.080083799930149,r
genetically,4.080083799930149,r
herein,4.080083799930149,r
downhill,4.080083799930149,"s, n, r"
manly,4.080083799930149,"s, a, r"
indefinitely,4.089692476868063,r
drastically,4.089692476868063,r
hugely,4.089692476868063,r
narrowly,4.089692476868063,r
evenly,4.089692476868063,r
smack,4.099518563029578,"r, n, v"
theoretically,4.099518563029578,r
adequately,4.099518563029578,r
culturally,4.099518563029578,r
amazingly,4.099518563029578,r
atop,4.109572124974976,r
universally,4.109572124974976,r
aggressively,4.109572124974976,r
seldom,4.109572124974976,r
peacefully,4.109572124974976,r
morally,4.109572124974976,r
wisely,4.119863945026243,r
loosely,4.119863945026243,r
vastly,4.119863945026243,r
unanimously,4.119863945026243,r
sic,4.119863945026243,"v, r"
violently,4.119863945026243,r
downstream,4.119863945026243,"a, r"
beforehand,4.119863945026243,"s, r"
onwards,4.13040559077478,r
falsely,4.13040559077478,r
scarce,4.13040559077478,"a, r"
freshly,4.13040559077478,r
indoors,4.140116927926312,r
hereby,4.140116927926312,r
backstage,4.140116927926312,"s, n, r"
interestingly,4.140116927926312,r
evidently,4.140116927926312,r
periodically,4.150050398674292,r
inherently,4.150050398674292,r
brutally,4.150050398674292,r
silently,4.16021640338319,r
willingly,4.16021640338319,r
conveniently,4.16021640338319,r
immensely,4.169457060118102,r
incorrectly,4.169457060118102,r
jolly,4.169457060118102,"r, s, n, v"
abruptly,4.180093374963887,r
moderately,4.180093374963887,r
oddly,4.180093374963887,r
calmly,4.180093374963887,r
upstream,4.180093374963887,"a, r"
flop,4.180093374963887,"r, n, v"
plum,4.189771646944905,"n, r"
wonderfully,4.189771646944905,r
radically,4.199670525209126,r
uniquely,4.199670525209126,r
sideways,4.199670525209126,"s, r"
admittedly,4.199670525209126,r
overwhelmingly,4.199670525209126,r
tandem,4.209800301796918,"n, r"
conversely,4.209800301796918,r
distinctly,4.209800301796918,r
finely,4.220172006224281,r
ashore,4.220172006224281,r
intensely,4.220172006224281,r
outward,4.220172006224281,"s, a, r"
systematically,4.220172006224281,r
fore,4.220172006224281,"a, n, r"
profoundly,4.229454989793387,r
comparatively,4.229454989793387,r
aloud,4.229454989793387,r
ridiculously,4.229454989793387,r
massively,4.229454989793387,r
roaring,4.229454989793387,"r, s, n, v"
incidentally,4.229454989793387,r
infinitely,4.229454989793387,r
consciously,4.240312917381596,r
multiply,4.240312917381596,"v, r"
knowingly,4.240312917381596,r
horribly,4.250041520575166,r
famously,4.250041520575166,r
eagerly,4.250041520575166,r
neatly,4.250041520575166,r
dearly,4.259993057042849,r
dripping,4.259993057042849,"r, n, v"
nightly,4.259993057042849,"s, r"
urgently,4.259993057042849,r
expressly,4.259993057042849,r
notwithstanding,4.259993057042849,r
anyhow,4.259993057042849,r
progressively,4.259993057042849,r
patiently,4.259993057042849,r
politely,4.270177984021837,r
respectfully,4.270177984021837,r
dangerously,4.270177984021837,r
painfully,4.270177984021837,r
vaguely,4.270177984021837,r
forcibly,4.280607512240769,r
endlessly,4.280607512240769,r
onward,4.280607512240769,r
alias,4.280607512240769,"n, r"
wrongly,4.280607512240769,r
vertically,4.280607512240769,r
brilliantly,4.280607512240769,r
reluctantly,4.289750891680638,r
scientifically,4.289750891680638,r
strategically,4.289750891680638,r
digitally,4.289750891680638,r
mistakenly,4.289750891680638,r
artificially,4.3006673061697365,r
medically,4.3006673061697365,r
inadvertently,4.3006673061697365,r
environmentally,4.3006673061697365,r
purposely,4.3006673061697365,r
duly,4.3006673061697365,r
brightly,4.3006673061697365,r
invariably,4.3006673061697365,r
federally,4.3006673061697365,r
nay,4.310247719997592,"n, r"
soaking,4.310247719997592,"r, n, v"
overboard,4.310247719997592,r
mildly,4.310247719997592,r
logically,4.310247719997592,r
therein,4.320044251510242,r
piping,4.320044251510242,"r, n, v"
extraordinarily,4.320044251510242,r
unbelievably,4.320044251510242,r
densely,4.320044251510242,r
chiefly,4.320044251510242,r
unnecessarily,4.320044251510242,r
irrespective,4.330066876668705,r
tremendously,4.330066876668705,r
verbally,4.330066876668705,r
prominently,4.330066876668705,r
anonymously,4.330066876668705,r
confidently,4.330066876668705,r
awfully,4.330066876668705,r
principally,4.340326278518962,r
reliably,4.340326278518962,r
clinically,4.350833915635468,r
barefoot,4.350833915635468,"s, r"
visibly,4.350833915635468,r
vigorously,4.350833915635468,r
horseback,4.350833915635468,"n, r"
enormously,4.350833915635468,r
aft,4.350833915635468,"a, r"
uphill,4.359788758288393,"s, n, r"
downright,4.359788758288393,"s, r"
plainly,4.359788758288393,r
notoriously,4.370784142589857,r
racially,4.370784142589857,r
nonstop,4.370784142589857,"s, n, r"
decidedly,4.370784142589857,r
inward,4.370784142589857,"s, a, r"
unfairly,4.380164517660112,r
noticeably,4.380164517660112,r
magically,4.380164517660112,r
materially,4.380164517660112,r
legitimately,4.380164517660112,r
improperly,4.389751981665837,r
exceedingly,4.389751981665837,r
excessively,4.389751981665837,r
fiercely,4.389751981665837,r
psychologically,4.389751981665837,r
westward,4.389751981665837,"s, n, r"
mechanically,4.389751981665837,r
geographically,4.389751981665837,r
ostensibly,4.389751981665837,r
afar,4.389751981665837,r
pleasantly,4.389751981665837,r
angrily,4.399555885159882,r
intellectually,4.399555885159882,r
spontaneously,4.399555885159882,r
upstate,4.399555885159882,r
insanely,4.399555885159882,r
grossly,4.409586226650808,r
centrally,4.409586226650808,r
anon,4.409586226650808,r
fatally,4.409586226650808,r
realistically,4.409586226650808,r
passionately,4.409586226650808,r
scarcely,4.409586226650808,r
steaming,4.419853713888946,"s, v, r"
blindly,4.419853713888946,r
cautiously,4.419853713888946,r
mellow,4.419853713888946,"s, v, r"
selectively,4.419853713888946,r
prematurely,4.430369832574101,r
uptown,4.430369832574101,"a, n, r"
heaps,4.430369832574101,"r, n, v"
disproportionately,4.438970004336018,r
horizontally,4.438970004336018,r
exponentially,4.438970004336018,r
hastily,4.438970004336018,r
externally,4.438970004336018,r
subtly,4.438970004336018,r
generously,4.449965388637482,r
markedly,4.449965388637482,r
bitterly,4.449965388637482,r
spiritually,4.449965388637482,r
cheaply,4.458966632752272,r
securely,4.458966632752272,r
objectively,4.458966632752272,r
boldly,4.458966632752272,r
defensively,4.458966632752272,r
unsuccessfully,4.458966632752272,r
harshly,4.470487055782083,r
adversely,4.470487055782083,r
thinly,4.470487055782083,r
faithfully,4.470487055782083,r
richly,4.470487055782083,r
musically,4.470487055782083,r
bravely,4.470487055782083,r
nervously,4.470487055782083,r
tragically,4.479928612014925,r
vividly,4.479928612014925,r
understandably,4.479928612014925,r
concurrently,4.479928612014925,r
eternally,4.479928612014925,r
domestically,4.479928612014925,r
mysteriously,4.479928612014925,r
ordinarily,4.479928612014925,r
forcefully,4.479928612014925,r
instinctively,4.489579997691106,r
awkwardly,4.489579997691106,r
oft,4.489579997691106,r
marginally,4.489579997691106,r
seasonally,4.489579997691106,r
enthusiastically,4.489579997691106,r
firsthand,4.489579997691106,"s, r"
nigh,4.4994507517174,"s, a, r"
eastward,4.4994507517174,"s, n, r"
warmly,4.4994507517174,r
apiece,4.4994507517174,r
religiously,4.4994507517174,r
responsibly,4.4994507517174,r
forte,4.4994507517174,"a, n, r"
coincidentally,4.4994507517174,r
intimately,4.4994507517174,r
chemically,4.4994507517174,r
rightfully,4.4994507517174,r
implicitly,4.509551078621725,r
biologically,4.509551078621725,r
truthfully,4.509551078621725,r
gracefully,4.509551078621725,r
effortlessly,4.519891911959944,r
northward,4.519891911959944,"s, n, r"
arbitrarily,4.519891911959944,r
alternately,4.519891911959944,r
whopping,4.519891911959944,"s, v, r"
momentarily,4.519891911959944,r
relentlessly,4.5304849854573686,r
unintentionally,4.5304849854573686,r
anew,4.541342913045577,r
clockwise,4.541342913045577,"a, r"
fondly,4.541342913045577,r
rattling,4.541342913045577,"r, s, n, v"
blatantly,4.541342913045577,r
curiously,4.541342913045577,r
favorably,4.541342913045577,r
variously,4.549668301829708,r
sorely,4.549668301829708,r
structurally,4.549668301829708,r
uniformly,4.549668301829708,r
furiously,4.549668301829708,r
impromptu,4.549668301829708,"s, n, r"
aesthetically,4.549668301829708,r
plump,4.549668301829708,"r, s, n, v"
unquestionably,4.549668301829708,r
miraculously,4.549668301829708,r
functionally,4.549668301829708,r
electrically,4.549668301829708,r
mathematically,4.5610230527068305,r
academically,4.5610230527068305,r
popularly,4.5610230527068305,r
cleverly,4.5610230527068305,r
frantically,4.5610230527068305,r
hopelessly,4.5610230527068305,r
jokingly,4.5610230527068305,r
humbly,4.569738284605043,r
miserably,4.569738284605043,r
madly,4.569738284605043,r
vehemently,4.569738284605043,r
weakly,4.569738284605043,"s, r"
furthest,4.569738284605043,"s, r"
doubly,4.569738284605043,r
unconditionally,4.578631997765025,r
overtly,4.578631997765025,r
undeniably,4.578631997765025,r
perpetually,4.578631997765025,r
squarely,4.578631997765025,r
technologically,4.59078088734462,r
hitherto,4.59078088734462,r
raving,4.59078088734462,"r, n, v"
solidly,4.59078088734462,r
wholeheartedly,4.59078088734462,r
tentatively,4.600120913598763,r
lovingly,4.600120913598763,r
powerfully,4.600120913598763,r
thrice,4.600120913598763,r
someplace,4.600120913598763,r
astray,4.609666231504994,r
acutely,4.609666231504994,r
suitably,4.609666231504994,r
diligently,4.609666231504994,r
untimely,4.61942606879415,"s, r"
aptly,4.61942606879415,r
strikingly,4.61942606879415,r
unilaterally,4.61942606879415,r
ethnically,4.61942606879415,r
criminally,4.61942606879415,r
orally,4.61942606879415,r
wondrous,4.61942606879415,"s, r"
decisively,4.61942606879415,r
informally,4.61942606879415,r
democratically,4.61942606879415,r
unknowingly,4.6294102897007505,r
affectionately,4.6294102897007505,r
ethically,4.6294102897007505,r
abundantly,4.6294102897007505,r
creatively,4.639629454882437,r
constitutionally,4.639629454882437,r
hereafter,4.639629454882437,"n, r"
convincingly,4.639629454882437,r
sparsely,4.639629454882437,r
nominally,4.639629454882437,r
whence,4.639629454882437,r
lawfully,4.639629454882437,r
shockingly,4.639629454882437,r
doubtless,4.650094888560601,r
romantically,4.650094888560601,r
gravely,4.650094888560601,r
oftentimes,4.650094888560601,r
chronically,4.650094888560601,r
anxiously,4.650094888560601,r
unlawfully,4.650094888560601,r
purposefully,4.660818753952374,r
meticulously,4.660818753952374,r
rationally,4.660818753952374,r
keenly,4.660818753952374,r
henceforth,4.660818753952374,r
erroneously,4.660818753952374,r
suspiciously,4.660818753952374,r
aloft,4.660818753952374,r
scorching,4.660818753952374,"s, v, r"
tirelessly,4.660818753952374,r
emphatically,4.671814138253838,r
unwittingly,4.671814138253838,r
verbatim,4.671814138253838,"s, r"
minimally,4.671814138253838,r
commendable,4.671814138253838,"s, r"
willfully,4.671814138253838,r
competitively,4.671814138253838,r
southward,4.671814138253838,"s, n, r"
bluntly,4.671814138253838,r
conventionally,4.671814138253838,r
abnormally,4.671814138253838,r
thence,4.671814138253838,r
insofar,4.679302159646388,r
needlessly,4.679302159646388,r
modestly,4.679302159646388,r
weirdly,4.679302159646388,r
farthest,4.679302159646388,"s, r"
thirdly,4.679302159646388,r
incognito,4.679302159646388,"s, r"
adrift,4.679302159646388,"s, r"
intrinsically,4.679302159646388,r
unequivocally,4.679302159646388,r
excitedly,4.679302159646388,r
surgically,4.679302159646388,r
defenseless,4.690781977329817,"s, r"
intermittently,4.690781977329817,r
delicately,4.690781977329817,r
defiantly,4.690781977329817,r
secondhand,4.690781977329817,"s, r"
intelligently,4.690781977329817,r
persistently,4.690781977329817,r
leisurely,4.690781977329817,"s, r"
supremely,4.698607314841775,r
westerly,4.698607314841775,"s, n, r"
discreetly,4.698607314841775,r
graciously,4.698607314841775,r
unconsciously,4.698607314841775,r
intuitively,4.698607314841775,r
organically,4.71061622231479,r
terminally,4.71061622231479,r
dynamically,4.71061622231479,r
solemnly,4.71061622231479,r
categorically,4.71061622231479,r
alphabetically,4.71061622231479,r
faintly,4.71061622231479,r
fantastically,4.718810700930061,r
hilariously,4.718810700930061,r
inappropriately,4.718810700930061,r
cleanly,4.718810700930061,"s, r"
sparingly,4.718810700930061,r
outwardly,4.718810700930061,r
spectacularly,4.718810700930061,r
successively,4.718810700930061,r
sweetly,4.731399828238082,r
experimentally,4.731399828238082,r
passively,4.731399828238082,r
uncomfortably,4.739999999999999,r
ideologically,4.739999999999999,r
superbly,4.739999999999999,r
afield,4.739999999999999,r
infrequently,4.739999999999999,r
militarily,4.739999999999999,r
rigorously,4.739999999999999,r
predictably,4.739999999999999,r
outwards,4.750105436281227,r
regionally,4.750105436281227,r
largo,4.750105436281227,"s, n, r"
aloof,4.750105436281227,"s, r"
recklessly,4.750105436281227,r
aback,4.750105436281227,r
classically,4.750105436281227,r
cheerfully,4.759996628416253,r
unaccompanied,4.759996628416253,"s, a, r"
figuratively,4.759996628416253,r
wrongfully,4.759996628416253,r
onshore,4.759996628416253,"s, a, r"
profusely,4.759996628416253,r
stupidly,4.759996628416253,r
unduly,4.759996628416253,r
uncontrollably,4.759996628416253,r
graphically,4.759996628416253,r
conclusively,4.759996628416253,r
indiscriminately,4.759996628416253,r
elegantly,4.7701183562535,r
darkly,4.7701183562535,r
offensively,4.7701183562535,r
intently,4.7701183562535,r
impossibly,4.7701183562535,r
yonder,4.7701183562535,"s, r"
symbolically,4.7701183562535,r
soundly,4.7701183562535,r
thoughtfully,4.7701183562535,r
impressively,4.7701183562535,r
playfully,4.780005161671584,r
comprehensively,4.780005161671584,r
eloquently,4.780005161671584,r
foolishly,4.780005161671584,r
metaphorically,4.780005161671584,r
easterly,4.790122295963124,"s, n, r"
northerly,4.790122295963124,"s, n, r"
cruelly,4.790122295963124,r
hereinafter,4.790122295963124,r
crucially,4.790122295963124,r
abreast,4.790122295963124,"s, r"
shamelessly,4.790122295963124,r
absurdly,4.790122295963124,r
proportionally,4.799981844992336,r
hysterically,4.799981844992336,r
diagonally,4.799981844992336,r
subconsciously,4.799981844992336,r
paradoxically,4.799981844992336,r
gratis,4.799981844992336,"s, r"
sarcastically,4.799981844992336,r
unofficially,4.799981844992336,r
retroactively,4.799981844992336,r
vitally,4.799981844992336,r
conceivably,4.799981844992336,r
consecutively,4.810070439915411,r
idly,4.810070439915411,r
humanly,4.810070439915411,r
thereto,4.810070439915411,r
unjustly,4.810070439915411,r
sensibly,4.810070439915411,r
viciously,4.810070439915411,r
hypothetically,4.810070439915411,r
awry,4.810070439915411,"s, r"
expertly,4.810070439915411,r
amiss,4.810070439915411,"s, r"
smartly,4.810070439915411,r
steeply,4.810070439915411,r
hotly,4.810070439915411,r
unreasonably,4.819876673709276,r
flawlessly,4.819876673709276,r
presto,4.819876673709276,"s, r"
artistically,4.819876673709276,r
sporadically,4.819876673709276,r
midweek,4.819876673709276,"n, r"
plumb,4.819876673709276,"r, s, n, v"
woefully,4.819876673709276,r
brotherly,4.819876673709276,"a, r"
stubbornly,4.819876673709276,r
conceptually,4.819876673709276,r
exquisitely,4.819876673709276,r
mercilessly,4.819876673709276,r
incessantly,4.829909454405931,r
therefor,4.829909454405931,r
chronologically,4.829909454405931,r
laterally,4.829909454405931,r
involuntarily,4.829909454405931,r
fluently,4.829909454405931,r
liberally,4.829909454405931,r
delightfully,4.829909454405931,r
heartily,4.829909454405931,r
flatly,4.829909454405931,r
admirably,4.829909454405931,r
deathly,4.829909454405931,"s, r"
superficially,4.840179497572904,r
instantaneously,4.840179497572904,r
ruthlessly,4.840179497572904,r
infra,4.840179497572904,r
carelessly,4.840179497572904,r
interchangeably,4.840179497572904,r
inwards,4.850138278741811,r
rudely,4.850138278741811,r
fraudulently,4.850138278741811,r
deliciously,4.850138278741811,r
southerly,4.850138278741811,"s, n, r"
afoot,4.850138278741811,"s, r"
doggo,4.850138278741811,r
handsomely,4.859758224104519,r
conspicuously,4.859758224104519,r
patently,4.859758224104519,r
tactically,4.859758224104519,r
innocently,4.859758224104519,r
regrettably,4.859758224104519,r
eerily,4.859758224104519,r
decently,4.870181792020672,r
posthumously,4.870181792020672,r
intensively,4.870181792020672,r
meaningfully,4.870181792020672,r
sequentially,4.870181792020672,r
earnestly,4.870181792020672,r
numerically,4.880261433802852,r
pronto,4.880261433802852,r
astonishingly,4.880261433802852,r
chock,4.880261433802852,"r, n, v"
irregularly,4.880261433802852,r
habitually,4.880261433802852,r
yon,4.880261433802852,"s, r"
broadside,4.88996674231023,"r, s, n, v"
characteristically,4.88996674231023,r
maliciously,4.88996674231023,r
linearly,4.88996674231023,r
deftly,4.88996674231023,r
stunningly,4.88996674231023,r
deceptively,4.899893905543242,r
twofold,4.899893905543242,"s, r"
merrily,4.899893905543242,r
skillfully,4.899893905543242,r
inversely,4.899893905543242,r
painstakingly,4.899893905543242,r
devilish,4.899893905543242,"s, r"
handily,4.899893905543242,r
justly,4.899893905543242,r
satisfactorily,4.910053304058364,r
inextricably,4.910053304058364,r
abed,4.910053304058364,r
aground,4.910053304058364,"a, r"
summarily,4.910053304058364,r
succinctly,4.910053304058364,r
covertly,4.91979854051436,r
middling,4.91979854051436,"r, s, n, v"
zigzag,4.91979854051436,"r, s, n, v"
resolutely,4.91979854051436,r
eminently,4.91979854051436,r
piecemeal,4.91979854051436,"s, r"
gloriously,4.91979854051436,r
aimlessly,4.91979854051436,r
retrospectively,4.91979854051436,r
conservatively,4.91979854051436,r
lyrically,4.929767482004916,r
fiscally,4.929767482004916,r
factually,4.929767482004916,r
helplessly,4.939970640755866,r
tenfold,4.939970640755866,"s, r"
justifiably,4.939970640755866,r
lavishly,4.939970640755866,r
vocally,4.939970640755866,r
outrageously,4.939970640755866,r
ecologically,4.939970640755866,r
verily,4.939970640755866,r
honorably,4.949714835966758,r
provisionally,4.949714835966758,r
hurriedly,4.949714835966758,r
hither,4.949714835966758,r
windward,4.949714835966758,"a, n, r"
dimly,4.949714835966758,r
tenderly,4.959682687859848,r
forthright,4.959682687859848,"s, r"
constructively,4.959682687859848,r
demonstrably,4.959682687859848,r
gleefully,4.959682687859848,r
caudal,4.959682687859848,"s, a, r"
optionally,4.959682687859848,r
assuredly,4.959682687859848,r
fervently,4.959682687859848,r
philosophically,4.959682687859848,r
afresh,4.959682687859848,r
controversially,4.969884705212898,r
unbeknownst,4.969884705212898,"s, r"
haphazard,4.969884705212898,"s, r"
mightily,4.969884705212898,r
embarrassingly,4.969884705212898,r
amok,4.969884705212898,"s, r"
comically,4.969884705212898,r
irrevocably,4.969884705212898,r
methodically,4.969884705212898,r
magnificently,4.969884705212898,r
thereon,4.969884705212898,r
identically,4.98033215531037,r
deservedly,4.98033215531037,r
energetically,4.98033215531037,r
excellently,4.98033215531037,r
fortnightly,4.98033215531037,"s, r"
distinctively,4.98033215531037,r
elaborately,4.98033215531037,r
insufficiently,4.98033215531037,r
correspondingly,4.98033215531037,r
candidly,4.98033215531037,r
latterly,4.98033215531037,r
beastly,4.98033215531037,"s, r"
singularly,4.98033215531037,r
bareback,4.990263684430938,"s, r"
spatially,4.990263684430938,r
mortally,4.990263684430938,r
blissfully,4.990263684430938,r
speedily,4.990263684430938,r
savagely,4.990263684430938,r
funnily,4.999637310505756,r
impatiently,4.999637310505756,r
thematically,4.999637310505756,r
singly,5.010025714300444,r
intricately,5.010025714300444,r
developmentally,5.010025714300444,r
inwardly,5.010025714300444,r
rigidly,5.010025714300444,r
pointedly,5.010025714300444,r
headlong,5.019840696594042,"s, r"
amicably,5.019840696594042,r
motherly,5.019840696594042,"s, r"
divinely,5.019840696594042,r
optically,5.019840696594042,r
crudely,5.019840696594042,r
askew,5.019840696594042,"s, r"
vicariously,5.019840696594042,r
joyfully,5.0298826348881835,r
unambiguously,5.0298826348881835,r
allegro,5.0298826348881835,"s, n, r"
uppermost,5.040162274132754,"s, r"
royally,5.040162274132754,r
inshore,5.040162274132754,"s, a, r"
dreadfully,5.040162274132754,r
gratefully,5.040162274132754,r
grammatically,5.040162274132754,r
foursquare,5.040162274132754,"s, n, r"
obliquely,5.040162274132754,r
homeward,5.040162274132754,"s, r"
northwards,5.040162274132754,"n, r"
apropos,5.0498039199714855,"a, r"
surreptitiously,5.0498039199714855,r
staunchly,5.0498039199714855,r
linguistically,5.0498039199714855,r
fabulously,5.0498039199714855,r
annoyingly,5.0498039199714855,r
profitably,5.0498039199714855,r
colloquially,5.0498039199714855,r
lazily,5.0498039199714855,r
administratively,5.0498039199714855,r
skyward,5.0498039199714855,"s, r"
goddam,5.0498039199714855,"s, r"
tacitly,5.0498039199714855,r
coldly,5.0498039199714855,r
anatomically,5.0498039199714855,r
steadfastly,5.0498039199714855,r
threefold,5.0498039199714855,"s, r"
refreshingly,5.0596644865854365,r
authentically,5.0596644865854365,r
naively,5.0596644865854365,r
immeasurably,5.0596644865854365,r
splendidly,5.0596644865854365,r
thermally,5.0596644865854365,r
fearlessly,5.0596644865854365,r
transparently,5.0596644865854365,r
distantly,5.069754146925876,r
rhythmically,5.069754146925876,r
artfully,5.069754146925876,r
jealously,5.069754146925876,r
evermore,5.069754146925876,r
manifestly,5.069754146925876,r
dutifully,5.069754146925876,r
strenuously,5.069754146925876,r
contractually,5.069754146925876,r
ably,5.069754146925876,r
triumphantly,5.069754146925876,r
biweekly,5.08008379993015,"s, n, r"
alarmingly,5.08008379993015,r
leeward,5.08008379993015,"a, n, r"
coolly,5.08008379993015,r
pathetically,5.08008379993015,r
underfoot,5.08008379993015,r
downwind,5.08008379993015,"s, r"
unevenly,5.08008379993015,r
disturbingly,5.089692476868064,r
subjectively,5.089692476868064,r
mercifully,5.089692476868064,r
thereabouts,5.089692476868064,r
proportionately,5.089692476868064,r
preferentially,5.089692476868064,r
stylistically,5.089692476868064,r
shamefully,5.089692476868064,r
courageously,5.089692476868064,r
forthwith,5.089692476868064,r
erratically,5.089692476868064,r
upriver,5.099518563029577,r
tiptoe,5.099518563029577,"r, s, n, v"
humanely,5.099518563029577,r
unbearably,5.099518563029577,r
straightaway,5.099518563029577,"s, n, r"
inexorably,5.099518563029577,r
deadpan,5.099518563029577,"s, r"
selfishly,5.099518563029577,r
offhand,5.109572124974976,"s, r"
blankly,5.109572124974976,r
cordially,5.109572124974976,r
drunkenly,5.109572124974976,r
impeccably,5.109572124974976,r
quantitatively,5.109572124974976,r
unmistakably,5.109572124974976,r
valiantly,5.109572124974976,r
thickly,5.109572124974976,r
grudgingly,5.109572124974976,r
competently,5.109572124974976,r
impulsively,5.109572124974976,r
architecturally,5.119863945026242,r
counterclockwise,5.119863945026242,"a, r"
prohibitively,5.119863945026242,r
heroically,5.119863945026242,r
plausibly,5.119863945026242,r
astride,5.119863945026242,r
confidentially,5.13040559077478,r
plop,5.13040559077478,"r, n, v"
lengthwise,5.13040559077478,"a, r"
peculiarly,5.13040559077478,r
physiologically,5.13040559077478,r
amply,5.13040559077478,r
fittingly,5.13040559077478,r
phenomenally,5.13040559077478,r
customarily,5.13040559077478,r
inadequately,5.140116927926312,r
bimonthly,5.140116927926312,"s, n, r"
unnaturally,5.140116927926312,r
clumsily,5.140116927926312,r
asunder,5.140116927926312,"s, r"
briskly,5.140116927926312,r
productively,5.140116927926312,r
heretofore,5.150050398674292,r
hereof,5.150050398674292,r
anyplace,5.150050398674292,r
gingerly,5.150050398674292,"s, r"
sternly,5.150050398674292,r
diametrically,5.150050398674292,r
scantily,5.150050398674292,r
audibly,5.160216403383189,r
usefully,5.160216403383189,r
healthily,5.160216403383189,r
uncommonly,5.160216403383189,r
diplomatically,5.160216403383189,r
reputedly,5.160216403383189,r
nonchalantly,5.160216403383189,r
morbidly,5.160216403383189,r
staccato,5.160216403383189,"a, r"
southwards,5.160216403383189,"n, r"
roundly,5.160216403383189,r
cognitively,5.169457060118102,r
disgustingly,5.169457060118102,r
qualitatively,5.169457060118102,r
credibly,5.169457060118102,r
belatedly,5.169457060118102,r
inaccurately,5.169457060118102,r
busily,5.169457060118102,r
grimly,5.169457060118102,r
charmingly,5.169457060118102,r
magnetically,5.169457060118102,r
whacking,5.169457060118102,"r, s, n, v"
masterfully,5.169457060118102,r
generically,5.169457060118102,r
tastefully,5.180093374963887,r
upwardly,5.180093374963887,r
irrationally,5.180093374963887,r
wickedly,5.180093374963887,r
stealthily,5.180093374963887,r
starkly,5.180093374963887,r
unwillingly,5.180093374963887,r
unhappily,5.180093374963887,r
harmoniously,5.180093374963887,r
sevenfold,5.180093374963887,"s, r"
intravenously,5.189771646944906,r
nutritionally,5.189771646944906,r
headfirst,5.199670525209126,"s, r"
snugly,5.199670525209126,r
helpfully,5.199670525209126,r
rhetorically,5.199670525209126,r
fain,5.199670525209126,"s, r"
haphazardly,5.199670525209126,r
selflessly,5.199670525209126,r
unceremoniously,5.199670525209126,r
unabashedly,5.199670525209126,r
cynically,5.199670525209126,r
precariously,5.199670525209126,r
uncharacteristically,5.209800301796918,r
feverishly,5.209800301796918,r
confusingly,5.209800301796918,r
differentially,5.209800301796918,r
validly,5.209800301796918,r
longitudinally,5.209800301796918,r
brazenly,5.209800301796918,r
meekly,5.209800301796918,r
thither,5.2201720062242805,r
conditionally,5.2201720062242805,r
irresistibly,5.2201720062242805,r
ominously,5.2201720062242805,r
hereunder,5.2201720062242805,r
astern,5.2201720062242805,r
concisely,5.2201720062242805,r
therewith,5.2201720062242805,r
frighteningly,5.229454989793387,r
irresponsibly,5.229454989793387,r
westwards,5.229454989793387,"n, r"
theologically,5.229454989793387,r
humorously,5.229454989793387,r
attentively,5.229454989793387,r
sympathetically,5.229454989793387,r
irreversibly,5.229454989793387,r
unfavorably,5.229454989793387,r
perchance,5.229454989793387,r
phonetically,5.229454989793387,r
seductively,5.240312917381596,r
wistfully,5.240312917381596,r
morphologically,5.240312917381596,r
adagio,5.240312917381596,"s, n, r"
irreparably,5.240312917381596,r
regretfully,5.240312917381596,r
mindlessly,5.250041520575165,r
sheepishly,5.250041520575165,r
industrially,5.250041520575165,r
innately,5.250041520575165,r
noisily,5.250041520575165,r
fashionably,5.250041520575165,r
crazily,5.250041520575165,r
attractively,5.250041520575165,r
tearfully,5.250041520575165,r
underhand,5.250041520575165,"s, a, r"
expeditiously,5.250041520575165,r
geologically,5.250041520575165,r
symmetrically,5.250041520575165,r
radially,5.250041520575165,r
seaward,5.259993057042849,"s, a, n, r"
unreservedly,5.259993057042849,r
disappointingly,5.259993057042849,r
geometrically,5.259993057042849,r
scrupulously,5.259993057042849,r
sensitively,5.259993057042849,r
coherently,5.259993057042849,r
comparably,5.270177984021837,r
flexibly,5.270177984021837,r
hideously,5.270177984021837,r
explosively,5.270177984021837,r
hereto,5.270177984021837,r
ludicrously,5.270177984021837,r
disastrously,5.270177984021837,r
extravagantly,5.280607512240769,r
sidearm,5.280607512240769,"a, r"
immaculately,5.280607512240769,r
excruciatingly,5.280607512240769,r
avidly,5.280607512240769,r
analytically,5.280607512240769,r
amusingly,5.280607512240769,r
slyly,5.280607512240769,r
apace,5.280607512240769,r
ferociously,5.280607512240769,r
appreciably,5.289750891680639,r
negligently,5.289750891680639,r
majestically,5.289750891680639,r
therefrom,5.289750891680639,r
coarsely,5.289750891680639,r
someway,5.289750891680639,r
unawares,5.289750891680639,r
concretely,5.300667306169737,r
compulsively,5.300667306169737,r
assiduously,5.300667306169737,r
optimistically,5.300667306169737,r
semantically,5.300667306169737,r
blithely,5.300667306169737,r
hesitantly,5.300667306169737,r
gorgeously,5.300667306169737,r
loyally,5.300667306169737,r
cumulatively,5.300667306169737,r
phonemic,5.300667306169737,"a, r"
ardently,5.300667306169737,r
fourfold,5.300667306169737,"s, r"
arrogantly,5.300667306169737,r
poetically,5.310247719997592,r
impartially,5.310247719997592,r
causally,5.310247719997592,r
perennially,5.310247719997592,r
fearfully,5.310247719997592,r
theatrically,5.310247719997592,r
harmlessly,5.310247719997592,r
temporally,5.310247719997592,r
acoustically,5.310247719997592,r
depressingly,5.310247719997592,r
exhaustively,5.320044251510241,r
catastrophically,5.320044251510241,r
inconsistently,5.320044251510241,r
institutionally,5.320044251510241,r
shyly,5.320044251510241,r
judiciously,5.320044251510241,r
breathlessly,5.320044251510241,r
startlingly,5.320044251510241,r
freakishly,5.320044251510241,r
menacingly,5.330066876668705,r
adorably,5.330066876668705,r
memorably,5.330066876668705,r
civilly,5.330066876668705,r
measurably,5.330066876668705,r
wryly,5.330066876668705,r
anteriorly,5.330066876668705,r
forevermore,5.330066876668705,r
canonically,5.340326278518961,r
equitably,5.340326278518961,r
ritually,5.340326278518961,r
secondarily,5.340326278518961,r
ceaselessly,5.340326278518961,r
zealously,5.340326278518961,r
provocatively,5.340326278518961,r
maximally,5.340326278518961,r
precipitously,5.350833915635467,r
ingeniously,5.350833915635467,r
herewith,5.350833915635467,r
betwixt,5.350833915635467,r
unwisely,5.350833915635467,r
smugly,5.350833915635467,r
greedily,5.350833915635467,r
robustly,5.350833915635467,r
minutely,5.350833915635467,r
unconstitutionally,5.350833915635467,r
warily,5.350833915635467,r
maniacally,5.350833915635467,r
nobly,5.350833915635467,r
upwind,5.350833915635467,"s, r"
underarm,5.359788758288394,"a, r"
righteously,5.359788758288394,r
flagrantly,5.359788758288394,r
staggeringly,5.359788758288394,r
unacceptably,5.359788758288394,r
tangentially,5.359788758288394,r
longingly,5.359788758288394,r
hydraulically,5.359788758288394,r
doggedly,5.359788758288394,r
perversely,5.370784142589857,r
imperfectly,5.370784142589857,r
glaringly,5.370784142589857,r
tactfully,5.380164517660112,r
frightfully,5.380164517660112,r
conscientiously,5.380164517660112,r
hermetically,5.380164517660112,r
unthinking,5.380164517660112,"s, r"
unashamedly,5.380164517660112,r
vainly,5.380164517660112,r
painlessly,5.380164517660112,r
unavoidably,5.380164517660112,r
persuasively,5.380164517660112,r
thusly,5.380164517660112,r
bilaterally,5.380164517660112,r
educationally,5.389751981665837,r
serially,5.389751981665837,r
cunningly,5.389751981665837,r
grotesquely,5.389751981665837,r
imminently,5.389751981665837,r
timidly,5.389751981665837,r
dishonestly,5.389751981665837,r
gallantly,5.389751981665837,r
swimmingly,5.389751981665837,r
uncritically,5.389751981665837,r
joyously,5.389751981665837,r
studiously,5.389751981665837,r
rearward,5.389751981665837,"s, n, r"
nevermore,5.389751981665837,r
upstage,5.389751981665837,"a, r, s, n, v"
incoherently,5.389751981665837,r
approvingly,5.399555885159881,r
perilously,5.399555885159881,r
indelibly,5.399555885159881,r
wearily,5.399555885159881,r
grievously,5.399555885159881,r
rashly,5.399555885159881,r
pitifully,5.399555885159881,r
serenely,5.399555885159881,r
unimaginably,5.399555885159881,r
devoutly,5.399555885159881,r
operatively,5.399555885159881,r
unpleasantly,5.399555885159881,r
inveterate,5.399555885159881,"s, r"
ambiguously,5.409586226650809,r
pragmatically,5.409586226650809,r
affirmatively,5.409586226650809,r
obediently,5.409586226650809,r
prudently,5.409586226650809,r
uneasily,5.409586226650809,r
outstandingly,5.409586226650809,r
dryly,5.409586226650809,r
imaginatively,5.409586226650809,r
laughably,5.409586226650809,r
uselessly,5.419853713888945,r
grandly,5.419853713888945,r
shrewdly,5.419853713888945,r
ruefully,5.419853713888945,r
appallingly,5.430369832574101,r
pathologically,5.430369832574101,r
obscenely,5.430369832574101,r
oversea,5.430369832574101,"s, r"
straightforwardly,5.430369832574101,r
finitely,5.438970004336019,r
peaceably,5.438970004336019,r
unspeakably,5.438970004336019,r
contextually,5.438970004336019,r
transversely,5.438970004336019,r
marvelously,5.438970004336019,r
unfailingly,5.438970004336019,r
trivially,5.438970004336019,r
municipally,5.438970004336019,r
scarily,5.438970004336019,r
poignantly,5.449965388637481,r
psychically,5.449965388637481,r
unseasonably,5.449965388637481,r
improbably,5.449965388637481,r
unequally,5.449965388637481,r
integrally,5.449965388637481,r
derisively,5.449965388637481,r
stylishly,5.449965388637481,r
topically,5.458966632752272,r
irretrievably,5.458966632752272,r
worryingly,5.458966632752272,r
unpredictably,5.458966632752272,r
judicially,5.458966632752272,r
dorsally,5.458966632752272,r
laboriously,5.458966632752272,r
wantonly,5.458966632752272,r
crisscross,5.458966632752272,"r, s, n, v"
abstractly,5.470487055782083,r
incompletely,5.470487055782083,r
inexpensively,5.470487055782083,r
asymptotically,5.470487055782083,r
obnoxiously,5.470487055782083,r
devilishly,5.470487055782083,r
legato,5.479928612014924,"a, r"
insistently,5.479928612014924,r
expensively,5.479928612014924,r
vociferously,5.479928612014924,r
indistinctly,5.479928612014924,r
luxuriously,5.479928612014924,r
reassuringly,5.479928612014924,r
variably,5.479928612014924,r
stepwise,5.479928612014924,"s, r"
invisibly,5.479928612014924,r
axially,5.479928612014924,r
gratuitously,5.489579997691106,r
therapeutically,5.489579997691106,r
monstrously,5.489579997691106,r
editorially,5.489579997691106,r
andante,5.489579997691106,"s, n, r"
authoritatively,5.489579997691106,r
gainfully,5.4994507517174,r
severally,5.4994507517174,r
determinedly,5.4994507517174,r
synthetically,5.4994507517174,r
restlessly,5.4994507517174,r
imperceptibly,5.4994507517174,r
alfresco,5.4994507517174,"s, r"
astronomically,5.4994507517174,r
viscerally,5.509551078621726,r
furtively,5.509551078621726,r
inefficiently,5.509551078621726,r
ignorantly,5.509551078621726,r
inordinately,5.509551078621726,r
incomparably,5.509551078621726,r
reverently,5.509551078621726,r
nimbly,5.519891911959944,r
microscopically,5.519891911959944,r
terrifically,5.519891911959944,r
stiffly,5.519891911959944,r
legislatively,5.519891911959944,r
incredulously,5.519891911959944,r
aright,5.5304849854573686,r
palpably,5.5304849854573686,r
contentedly,5.5304849854573686,r
charitably,5.5304849854573686,r
indescribably,5.5304849854573686,r
fortuitously,5.5304849854573686,r
ventrally,5.5304849854573686,r
disrespectfully,5.5304849854573686,r
jocular,5.5304849854573686,"s, r"
crisply,5.5304849854573686,r
punctually,5.5304849854573686,r
compulsorily,5.5304849854573686,r
crosswise,5.5304849854573686,"s, a, r"
pointlessly,5.5304849854573686,r
repetitively,5.5304849854573686,r
acceptably,5.5304849854573686,r
misleadingly,5.541342913045577,r
indubitably,5.541342913045577,r
gaily,5.541342913045577,r
tellingly,5.541342913045577,r
amidships,5.541342913045577,r
northeastward,5.541342913045577,"s, n, r"
unjustifiably,5.541342913045577,r
expectantly,5.5496683018297075,r
advantageously,5.5496683018297075,r
contemporaneously,5.5496683018297075,r
tenaciously,5.5496683018297075,r
euphemistically,5.5496683018297075,r
soberly,5.5496683018297075,r
asymmetrically,5.5496683018297075,r
insomuch,5.5496683018297075,r
corruptly,5.5496683018297075,r
lief,5.5610230527068305,r
communally,5.5610230527068305,r
peripherally,5.5610230527068305,r
childishly,5.5610230527068305,r
apologetically,5.5610230527068305,r
stably,5.5610230527068305,r
mischievously,5.5610230527068305,r
condescendingly,5.5610230527068305,r
landward,5.5610230527068305,r
pleasingly,5.5610230527068305,r
cosmetically,5.5610230527068305,r
slavishly,5.5610230527068305,r
fanatically,5.569738284605042,r
hierarchically,5.569738284605042,r
deliriously,5.569738284605042,r
perpendicularly,5.569738284605042,r
withal,5.569738284605042,r
uncannily,5.569738284605042,r
interdepartmental,5.569738284605042,"a, r"
feasibly,5.569738284605042,r
algebraically,5.569738284605042,r
schematically,5.569738284605042,r
distally,5.578631997765024,r
curtly,5.578631997765024,r
suggestively,5.578631997765024,r
familiarly,5.578631997765024,r
synchronously,5.59078088734462,r
prettily,5.59078088734462,r
illicitly,5.59078088734462,r
unluckily,5.59078088734462,r
hungrily,5.59078088734462,r
indifferently,5.59078088734462,r
cryptically,5.59078088734462,r
thoughtlessly,5.59078088734462,r
syntactically,5.59078088734462,r
shakily,5.59078088734462,r
maturely,5.600120913598763,r
resoundingly,5.600120913598763,r
compactly,5.600120913598763,r
feebly,5.600120913598763,r
indignantly,5.600120913598763,r
satisfyingly,5.600120913598763,r
callously,5.600120913598763,r
northwestward,5.609666231504994,"s, n, r"
ceremoniously,5.609666231504994,r
astutely,5.609666231504994,r
gravitationally,5.609666231504994,r
stoically,5.609666231504994,r
contemptuously,5.609666231504994,r
capably,5.609666231504994,r
ostentatiously,5.609666231504994,r
courteously,5.609666231504994,r
dispassionately,5.61942606879415,r
prodigiously,5.61942606879415,r
transiently,5.61942606879415,r
compassionately,5.61942606879415,r
lento,5.61942606879415,"s, r"
respectably,5.61942606879415,r
treacherously,5.6294102897007505,r
ceremonially,5.6294102897007505,r
medicinally,5.6294102897007505,r
supernaturally,5.6294102897007505,r
harmonically,5.6294102897007505,r
barefooted,5.6294102897007505,"s, r"
laughingly,5.6294102897007505,r
shallowly,5.6294102897007505,r
inconveniently,5.6294102897007505,r
medially,5.6294102897007505,r
biennially,5.6294102897007505,r
vanishingly,5.6294102897007505,r
encouragingly,5.6294102897007505,r
plunk,5.6294102897007505,"r, n, v"
nostalgically,5.6294102897007505,r
thereunder,5.6294102897007505,r
cheerily,5.6294102897007505,r
agreeably,5.6294102897007505,r
voraciously,5.639629454882437,r
disgracefully,5.639629454882437,r
analogously,5.639629454882437,r
inescapably,5.639629454882437,r
flippantly,5.639629454882437,r
dismally,5.639629454882437,r
destructively,5.639629454882437,r
skeptically,5.639629454882437,r
askance,5.639629454882437,"s, r"
fruitlessly,5.639629454882437,r
frugally,5.639629454882437,r
southeastward,5.650094888560602,"s, n, r"
sublimely,5.650094888560602,r
insidiously,5.650094888560602,r
statutorily,5.650094888560602,r
unmanly,5.650094888560602,"s, a, r"
virulently,5.650094888560602,r
hypocritically,5.650094888560602,r
disparagingly,5.650094888560602,r
dubiously,5.650094888560602,r
indecently,5.650094888560602,r
abysmally,5.650094888560602,r
provincially,5.650094888560602,r
doubtlessly,5.650094888560602,r
sopping,5.650094888560602,"v, r"
teasingly,5.660818753952375,r
akimbo,5.660818753952375,"s, r"
coyly,5.660818753952375,r
oppositely,5.660818753952375,r
uncertainly,5.660818753952375,r
scandalously,5.660818753952375,r
movingly,5.660818753952375,r
spirally,5.660818753952375,r
beneficially,5.660818753952375,r
fourthly,5.660818753952375,r
provably,5.660818753952375,r
recognizably,5.660818753952375,r
reversibly,5.671814138253837,r
sloppily,5.671814138253837,r
thenceforth,5.671814138253837,r
sensationally,5.671814138253837,r
melodically,5.671814138253837,r
pharmacologically,5.671814138253837,r
unbeknown,5.671814138253837,"s, r"
subcutaneously,5.6793021596463875,r
edgewise,5.6793021596463875,r
histologically,5.6793021596463875,r
evilly,5.6793021596463875,r
unobtrusively,5.6793021596463875,r
circularly,5.6793021596463875,r
unquestioningly,5.6793021596463875,r
daringly,5.6793021596463875,r
downwardly,5.690781977329818,r
manfully,5.690781977329818,r
agonizingly,5.690781977329818,r
facially,5.690781977329818,r
irregardless,5.690781977329818,r
admiringly,5.690781977329818,r
amuck,5.690781977329818,"s, r"
absentmindedly,5.690781977329818,r
copiously,5.690781977329818,r
blandly,5.690781977329818,r
adroitly,5.690781977329818,r
senselessly,5.690781977329818,r
speculatively,5.690781977329818,r
dreamily,5.690781977329818,r
ruggedly,5.690781977329818,r
southwestward,5.690781977329818,"s, n, r"
sumptuously,5.698607314841775,r
photographically,5.698607314841775,r
tolerably,5.698607314841775,r
daylong,5.698607314841775,"s, r"
stringently,5.698607314841775,r
languidly,5.698607314841775,r
ornately,5.698607314841775,r
dishonorably,5.698607314841775,r
gamely,5.698607314841775,r
perforce,5.698607314841775,r
reciprocally,5.698607314841775,r
obstinately,5.698607314841775,r
mindfully,5.71061622231479,r
tangibly,5.71061622231479,r
ambitiously,5.71061622231479,r
wordlessly,5.71061622231479,r
ecstatically,5.71061622231479,r
stridently,5.71061622231479,r
nakedly,5.71061622231479,r
questionably,5.71061622231479,r
metaphysically,5.71061622231479,r
victoriously,5.71061622231479,r
fiendishly,5.71061622231479,r
territorially,5.71061622231479,r
sickeningly,5.71061622231479,r
methodologically,5.71061622231479,r
organizationally,5.718810700930062,r
amiably,5.718810700930062,r
thermodynamically,5.718810700930062,r
cheekily,5.718810700930062,r
pizzicato,5.718810700930062,"s, n, r"
synonymously,5.718810700930062,r
topographically,5.731399828238082,r
nasally,5.731399828238082,r
dazzlingly,5.731399828238082,r
asexually,5.731399828238082,r
exuberantly,5.731399828238082,r
temperamentally,5.731399828238082,r
sleepily,5.731399828238082,r
effectually,5.731399828238082,r
tediously,5.731399828238082,r
anciently,5.731399828238082,r
sixfold,5.74,"s, r"
erotically,5.74,r
assertively,5.74,r
dogmatically,5.74,r
satirically,5.74,r
threateningly,5.74,r
entertainingly,5.74,r
sensually,5.74,r
tantalizingly,5.74,r
whimsically,5.74,r
protectively,5.74,r
wittily,5.74,r
hoarsely,5.74,r
avowedly,5.74,r
slapdash,5.74,"s, r"
fascinatingly,5.750105436281228,r
atrociously,5.750105436281228,r
unceasingly,5.750105436281228,r
contrarily,5.750105436281228,r
unselfishly,5.750105436281228,r
unkindly,5.750105436281228,"s, r"
stoutly,5.759996628416253,r
unethically,5.759996628416253,r
obligingly,5.759996628416253,r
touchingly,5.759996628416253,r
fitfully,5.759996628416253,r
enjoyably,5.759996628416253,r
mystically,5.759996628416253,r
disconcertingly,5.759996628416253,r
endearingly,5.759996628416253,r
coincidently,5.759996628416253,r
excitingly,5.759996628416253,r
distressingly,5.759996628416253,r
hundredfold,5.759996628416253,r
phylogenetically,5.7701183562535,r
glibly,5.7701183562535,r
facetiously,5.7701183562535,r
irritatingly,5.7701183562535,r
biochemically,5.7701183562535,r
ineffectively,5.7701183562535,r
flamboyantly,5.7701183562535,r
inconspicuously,5.7701183562535,r
spherically,5.7701183562535,r
oppressively,5.7701183562535,r
obscurely,5.7701183562535,r
synergistically,5.7701183562535,r
prophetically,5.7701183562535,r
frivolously,5.7701183562535,r
incongruously,5.780005161671584,r
heatedly,5.780005161671584,r
pianissimo,5.780005161671584,"s, n, r"
mournfully,5.780005161671584,r
uncompromisingly,5.780005161671584,r
sagely,5.780005161671584,r
disapprovingly,5.780005161671584,r
unconventionally,5.780005161671584,r
frontally,5.780005161671584,r
chaotically,5.790122295963125,r
exorbitantly,5.790122295963125,r
crushingly,5.790122295963125,r
conjointly,5.790122295963125,r
illegitimately,5.790122295963125,r
limply,5.790122295963125,r
inseparably,5.790122295963125,r
blessedly,5.790122295963125,r
consequentially,5.790122295963125,r
unprecedentedly,5.790122295963125,r
expressively,5.790122295963125,r
vigilantly,5.790122295963125,r
sardonically,5.790122295963125,r
benignly,5.790122295963125,r
anticlockwise,5.790122295963125,"a, r"
sociologically,5.7999818449923355,r
sluggishly,5.7999818449923355,r
fortissimo,5.7999818449923355,"s, n, r"
tersely,5.7999818449923355,r
tamely,5.7999818449923355,r
devotedly,5.7999818449923355,r
pejoratively,5.810070439915411,r
appreciatively,5.810070439915411,r
impassively,5.810070439915411,r
capriciously,5.810070439915411,r
scathingly,5.810070439915411,r
pertinently,5.819876673709276,r
scornfully,5.819876673709276,r
potently,5.819876673709276,r
intolerably,5.819876673709276,r
insultingly,5.819876673709276,r
dingdong,5.819876673709276,"v, r"
leniently,5.819876673709276,r
absently,5.819876673709276,r
lucidly,5.819876673709276,r
maternally,5.819876673709276,r
abjectly,5.829909454405931,r
boringly,5.829909454405931,r
incurably,5.829909454405931,r
insensibly,5.829909454405931,r
radiantly,5.829909454405931,r
downstage,5.829909454405931,"a, n, r"
crossways,5.840179497572903,"n, r"
engagingly,5.840179497572903,r
guiltily,5.840179497572903,r
belligerently,5.840179497572903,r
sentimentally,5.840179497572903,r
haltingly,5.840179497572903,r
enviously,5.840179497572903,r
undeservedly,5.840179497572903,r
abominably,5.85013827874181,r
lamely,5.85013827874181,r
unthinkingly,5.85013827874181,r
unerringly,5.85013827874181,r
ignominiously,5.85013827874181,r
lustily,5.85013827874181,r
enduringly,5.85013827874181,r
unsteadily,5.85013827874181,r
atypically,5.85013827874181,r
shabbily,5.85013827874181,r
unhesitatingly,5.85013827874181,r
complacently,5.85013827874181,r
conversationally,5.85013827874181,r
indigenously,5.85013827874181,r
idiotically,5.85013827874181,r
tenuously,5.85013827874181,r
diffusely,5.85013827874181,r
animatedly,5.85013827874181,r
piously,5.85013827874181,r
glumly,5.859758224104519,r
unaccountably,5.859758224104519,r
allegorically,5.859758224104519,r
disingenuously,5.859758224104519,r
lengthways,5.859758224104519,"a, r"
legibly,5.859758224104519,r
fruitfully,5.859758224104519,r
expansively,5.859758224104519,r
glacially,5.859758224104519,r
anomalously,5.859758224104519,r
futilely,5.859758224104519,r
descriptively,5.859758224104519,r
dully,5.870181792020672,r
quizzically,5.870181792020672,r
indulgently,5.870181792020672,r
patriotically,5.870181792020672,r
audaciously,5.870181792020672,r
baldly,5.870181792020672,r
appealingly,5.870181792020672,r
quaintly,5.870181792020672,r
glowingly,5.870181792020672,r
unarguably,5.870181792020672,r
relevantly,5.870181792020672,r
inconceivably,5.870181792020672,r
fixedly,5.870181792020672,r
perceptually,5.870181792020672,r
forlornly,5.880261433802852,r
unco,5.880261433802852,r
invitingly,5.880261433802852,r
pneumatically,5.880261433802852,r
uproariously,5.880261433802852,r
metrically,5.880261433802852,r
allegretto,5.880261433802852,"s, n, r"
eccentrically,5.880261433802852,r
unrelentingly,5.880261433802852,r
mayhap,5.880261433802852,r
gruesomely,5.880261433802852,r
stupendously,5.880261433802852,r
cutely,5.880261433802852,r
illogically,5.88996674231023,r
preposterously,5.88996674231023,r
messily,5.88996674231023,r
deceitfully,5.88996674231023,r
taxonomically,5.88996674231023,r
daintily,5.88996674231023,r
implausibly,5.88996674231023,r
perceptibly,5.88996674231023,r
presumptively,5.88996674231023,r
doctrinally,5.88996674231023,r
lamentably,5.88996674231023,r
wittingly,5.899893905543241,r
disdainfully,5.899893905543241,r
doubtfully,5.899893905543241,r
homogeneously,5.899893905543241,r
soothingly,5.899893905543241,r
haply,5.899893905543241,r
bleakly,5.899893905543241,r
proficiently,5.899893905543241,r
diversely,5.899893905543241,r
straightway,5.899893905543241,r
interminably,5.899893905543241,r
wondrously,5.899893905543241,r
gloomily,5.899893905543241,r
remorselessly,5.899893905543241,r
catalytically,5.910053304058364,r
diabolically,5.910053304058364,r
preternaturally,5.910053304058364,r
climatically,5.910053304058364,r
unforgivably,5.910053304058364,r
plaintively,5.910053304058364,r
craftily,5.910053304058364,r
advisedly,5.910053304058364,r
glissando,5.910053304058364,"n, r"
passably,5.91979854051436,r
delightedly,5.91979854051436,r
biannually,5.91979854051436,r
benevolently,5.91979854051436,r
spitefully,5.91979854051436,r
forthrightly,5.929767482004916,r
inhumanely,5.929767482004916,r
slickly,5.929767482004916,r
uninterruptedly,5.929767482004916,r
detrimentally,5.929767482004916,r
adoringly,5.929767482004916,r
intramuscularly,5.929767482004916,r
enigmatically,5.929767482004916,r
hypnotically,5.939970640755865,r
wastefully,5.939970640755865,r
jovially,5.939970640755865,r
placidly,5.939970640755865,r
effusively,5.939970640755865,r
cryptographically,5.939970640755865,r
inexcusably,5.939970640755865,r
abaft,5.939970640755865,r
formidably,5.949714835966758,r
pensively,5.949714835966758,r
inaudibly,5.949714835966758,r
uneventfully,5.949714835966758,r
skywards,5.949714835966758,r
problematically,5.949714835966758,r
demurely,5.949714835966758,r
brusquely,5.949714835966758,r
haughtily,5.949714835966758,r
fastidiously,5.949714835966758,r
exaggeratedly,5.959682687859848,r
wretchedly,5.959682687859848,r
tensely,5.959682687859848,r
sidelong,5.959682687859848,"s, r"
worthily,5.959682687859848,r
tidily,5.959682687859848,r
promisingly,5.959682687859848,r
rapturously,5.959682687859848,r
pompously,5.959682687859848,r
decoratively,5.959682687859848,r
murderously,5.959682687859848,r
greenly,5.959682687859848,r
logarithmically,5.959682687859848,r
henceforward,5.959682687859848,r
airily,5.959682687859848,r
dumbly,5.969884705212897,r
laconically,5.969884705212897,r
monotonously,5.969884705212897,r
bloodily,5.969884705212897,r
somberly,5.969884705212897,r
articulately,5.969884705212897,r
incompetently,5.969884705212897,r
proverbially,5.969884705212897,r
listlessly,5.969884705212897,r
irritably,5.969884705212897,r
abusively,5.969884705212897,r
inquisitively,5.980332155310369,r
insignificantly,5.980332155310369,r
obtusely,5.980332155310369,r
preciously,5.980332155310369,r
confusedly,5.980332155310369,r
primitively,5.980332155310369,r
ineptly,5.980332155310369,r
complexly,5.980332155310369,r
imperiously,5.980332155310369,r
infectiously,5.980332155310369,r
heavenward,5.990263684430939,"s, r"
deviously,5.990263684430939,r
sullenly,5.990263684430939,r
shrilly,5.990263684430939,r
impotently,5.990263684430939,r
extempore,5.990263684430939,"s, r"
regally,5.990263684430939,r
sturdily,5.990263684430939,r
abeam,5.990263684430939,r
radioactively,5.990263684430939,r
accusingly,5.990263684430939,r
offhandedly,5.990263684430939,r
worriedly,5.990263684430939,r
loftily,5.990263684430939,r
shoddily,5.999637310505756,r
perceptively,5.999637310505756,r
cavalierly,5.999637310505756,r
plentifully,5.999637310505756,r
immunologically,5.999637310505756,r
giddily,5.999637310505756,r
smilingly,5.999637310505756,r
midships,5.999637310505756,r
jarringly,5.999637310505756,r
dependably,6.010025714300443,r
forsooth,6.010025714300443,r
pinnately,6.010025714300443,r
dialectically,6.010025714300443,r
magnanimously,6.010025714300443,r
recurrently,6.010025714300443,r
electrostatically,6.010025714300443,r
tiredly,6.010025714300443,r
carnally,6.010025714300443,r
jubilantly,6.010025714300443,r
boisterously,6.010025714300443,r
immorally,6.010025714300443,r
ravenously,6.010025714300443,r
alee,6.019840696594042,r
precociously,6.019840696594042,r
providentially,6.019840696594042,r
meanly,6.019840696594042,r
heartlessly,6.019840696594042,r
mechanistically,6.019840696594042,r
soulfully,6.019840696594042,r
aurally,6.019840696594042,r
ineffectually,6.019840696594042,r
gruffly,6.019840696594042,r
prosaically,6.019840696594042,r
distractedly,6.019840696594042,r
unwaveringly,6.019840696594042,r
macroscopically,6.029882634888183,r
episodically,6.029882634888183,r
overmuch,6.029882634888183,"s, n, r"
riotously,6.029882634888183,r
virtuously,6.029882634888183,r
pervasively,6.029882634888183,r
submissively,6.029882634888183,r
faultlessly,6.029882634888183,r
apprehensively,6.029882634888183,r
unconvincingly,6.029882634888183,r
dejectedly,6.040162274132754,r
peremptorily,6.040162274132754,r
petulantly,6.040162274132754,r
promiscuously,6.040162274132754,r
overleaf,6.040162274132754,r
demonstratively,6.040162274132754,r
sorrowfully,6.0498039199714855,r
bitingly,6.0498039199714855,r
incontrovertibly,6.0498039199714855,r
contrariwise,6.0498039199714855,r
circumstantially,6.0498039199714855,r
spasmodically,6.0498039199714855,r
mandatorily,6.0498039199714855,r
endogenously,6.0498039199714855,r
volcanically,6.0596644865854365,r
comfortingly,6.0596644865854365,r
sanely,6.0596644865854365,r
paternally,6.0596644865854365,r
affably,6.0596644865854365,r
tartly,6.0596644865854365,r
anachronistically,6.0596644865854365,r
contrastingly,6.0596644865854365,r
jauntily,6.0596644865854365,r
vacantly,6.0596644865854365,r
pictorially,6.0596644865854365,r
auspiciously,6.0596644865854365,r
pedagogically,6.069754146925875,r
superlatively,6.069754146925875,r
outlandishly,6.069754146925875,r
creditably,6.069754146925875,r
unforgettably,6.069754146925875,r
altruistically,6.069754146925875,r
rampantly,6.069754146925875,r
hotfoot,6.069754146925875,"r, n, v"
spotlessly,6.069754146925875,r
vulgarly,6.069754146925875,r
impetuously,6.069754146925875,r
unmercifully,6.069754146925875,r
archly,6.080083799930149,r
inconclusively,6.080083799930149,r
bureaucratically,6.080083799930149,r
noiselessly,6.080083799930149,r
pretentiously,6.080083799930149,r
considerately,6.080083799930149,r
aboveboard,6.080083799930149,"s, r"
everlastingly,6.080083799930149,r
hellishly,6.080083799930149,r
industriously,6.080083799930149,r
sourly,6.089692476868063,r
restrictively,6.089692476868063,r
killingly,6.089692476868063,r
imprudently,6.089692476868063,r
vilely,6.089692476868063,r
raucously,6.089692476868063,r
caustically,6.089692476868063,r
athwart,6.089692476868063,r
irreverently,6.099518563029577,r
extemporaneously,6.099518563029577,r
guardedly,6.099518563029577,r
icily,6.099518563029577,r
unalterably,6.099518563029577,r
nastily,6.099518563029577,r
grumpily,6.099518563029577,r
convulsively,6.099518563029577,r
signally,6.099518563029577,r
hygienically,6.099518563029577,r
chromatically,6.099518563029577,r
unswervingly,6.099518563029577,r
pleasurably,6.099518563029577,r
outspokenly,6.109572124974975,r
insecurely,6.109572124974975,r
insolently,6.109572124974975,r
pessimistically,6.109572124974975,r
ruinously,6.109572124974975,r
picturesquely,6.109572124974975,r
presidentially,6.109572124974975,r
genially,6.109572124974975,r
ineffably,6.109572124974975,r
imprecisely,6.109572124974975,r
despairingly,6.109572124974975,r
pedantically,6.119863945026243,r
boyishly,6.119863945026243,r
questioningly,6.119863945026243,r
conformably,6.119863945026243,r
connubial,6.119863945026243,"a, r"
peradventure,6.119863945026243,"n, r"
vocationally,6.119863945026243,r
breezily,6.119863945026243,r
arithmetically,6.119863945026243,r
intelligibly,6.119863945026243,r
obligatorily,6.119863945026243,r
spookily,6.13040559077478,r
reflectively,6.13040559077478,r
deplorably,6.13040559077478,r
sideway,6.13040559077478,r
despicably,6.13040559077478,r
inventively,6.13040559077478,r
hyperbolically,6.13040559077478,r
damnably,6.13040559077478,r
vindictively,6.140116927926312,r
piercingly,6.140116927926312,r
sidewise,6.140116927926312,r
aerially,6.140116927926312,r
primly,6.140116927926312,r
discursively,6.140116927926312,r
austerely,6.140116927926312,r
coastwise,6.140116927926312,"s, r"
stochastically,6.140116927926312,r
thermostatically,6.140116927926312,r
temptingly,6.140116927926312,r
fatefully,6.140116927926312,r
journalistically,6.140116927926312,r
betimes,6.140116927926312,r
symptomatically,6.140116927926312,r
imperatively,6.150050398674293,r
impersonally,6.150050398674293,r
punitively,6.150050398674293,r
fancifully,6.150050398674293,r
inflexibly,6.150050398674293,r
hatefully,6.150050398674293,r
governmentally,6.150050398674293,r
lustfully,6.160216403383189,r
symbiotically,6.160216403383189,r
raggedly,6.160216403383189,r
garishly,6.160216403383189,r
lastingly,6.160216403383189,r
presciently,6.160216403383189,r
gratifyingly,6.160216403383189,r
ofttimes,6.169457060118102,r
malevolently,6.169457060118102,r
ecclesiastically,6.169457060118102,r
wheresoever,6.169457060118102,r
secretively,6.169457060118102,r
idiomatically,6.169457060118102,r
melodramatically,6.169457060118102,r
semiannually,6.169457060118102,r
cannily,6.169457060118102,r
disconsolately,6.169457060118102,r
fifthly,6.169457060118102,r
axiomatically,6.169457060118102,r
parenthetically,6.169457060118102,r
unintelligibly,6.180093374963887,r
chastely,6.180093374963887,r
unsuspectingly,6.180093374963887,r
heinously,6.180093374963887,r
bashfully,6.180093374963887,r
unscrupulously,6.180093374963887,r
mutely,6.180093374963887,r
expediently,6.180093374963887,r
ineluctably,6.180093374963887,r
indefatigably,6.180093374963887,r
sensuously,6.189771646944905,r
spuriously,6.189771646944905,r
osmotically,6.189771646944905,r
edgeways,6.189771646944905,r
inconsiderately,6.189771646944905,r
undisputedly,6.189771646944905,r
lewdly,6.189771646944905,r
evasively,6.189771646944905,r
resentfully,6.189771646944905,r
meditatively,6.189771646944905,r
fictitiously,6.189771646944905,r
transitively,6.189771646944905,r
insatiably,6.199670525209126,r
flirtatiously,6.199670525209126,r
tremulously,6.199670525209126,r
palmately,6.199670525209126,r
imperially,6.199670525209126,r
alertly,6.199670525209126,r
presumptuously,6.199670525209126,r
sedately,6.199670525209126,r
boastfully,6.199670525209126,r
immodestly,6.209800301796917,r
cosily,6.209800301796917,r
unsatisfactorily,6.209800301796917,r
incisively,6.209800301796917,r
drearily,6.209800301796917,r
sportingly,6.209800301796917,r
sleekly,6.209800301796917,r
neurotically,6.209800301796917,r
unutterably,6.209800301796917,r
barbarously,6.220172006224281,r
multilaterally,6.220172006224281,r
foully,6.220172006224281,r
tautly,6.220172006224281,r
moodily,6.220172006224281,r
hospitably,6.220172006224281,r
pleadingly,6.220172006224281,r
fraternally,6.220172006224281,r
bountifully,6.220172006224281,r
deceivingly,6.220172006224281,r
unhelpfully,6.220172006224281,r
laudably,6.229454989793387,r
deferentially,6.229454989793387,r
despondently,6.229454989793387,r
sidesaddle,6.229454989793387,"n, r"
unthinkably,6.229454989793387,r
theretofore,6.229454989793387,r
unworthily,6.229454989793387,r
bewilderingly,6.229454989793387,r
reverentially,6.229454989793387,r
resignedly,6.229454989793387,r
frenetically,6.240312917381595,r
parenterally,6.240312917381595,r
undesirably,6.240312917381595,r
harmfully,6.240312917381595,r
soundlessly,6.240312917381595,r
sociably,6.240312917381595,r
ninefold,6.240312917381595,"s, r"
indiscreetly,6.240312917381595,r
arduously,6.240312917381595,r
unrepentantly,6.250041520575165,r
pithily,6.250041520575165,r
suavely,6.250041520575165,r
numbly,6.250041520575165,r
inimitably,6.259993057042849,r
bilingually,6.259993057042849,r
disinterestedly,6.259993057042849,r
testily,6.259993057042849,r
inanely,6.259993057042849,r
volumetrically,6.259993057042849,r
genealogically,6.259993057042849,r
prosperously,6.259993057042849,r
tortuously,6.259993057042849,r
humiliatingly,6.259993057042849,r
irrelevantly,6.259993057042849,r
disgustedly,6.270177984021838,r
crookedly,6.270177984021838,r
coquettishly,6.270177984021838,r
ravishingly,6.270177984021838,r
possessively,6.270177984021838,r
profanely,6.270177984021838,r
infernally,6.270177984021838,r
immutably,6.270177984021838,r
ponderously,6.270177984021838,r
observably,6.270177984021838,r
incautiously,6.270177984021838,r
hazily,6.270177984021838,r
enchantingly,6.280607512240769,r
hereupon,6.280607512240769,r
scholastically,6.280607512240769,r
gaudily,6.280607512240769,r
enviably,6.280607512240769,r
superstitiously,6.280607512240769,r
fitly,6.280607512240769,r
volubly,6.280607512240769,r
parasitically,6.289750891680638,r
basely,6.289750891680638,r
typographically,6.289750891680638,r
decorously,6.289750891680638,r
patchily,6.289750891680638,r
seasonably,6.289750891680638,r
hereabout,6.289750891680638,r
lifelessly,6.289750891680638,r
screamingly,6.289750891680638,r
leastways,6.289750891680638,r
heedlessly,6.289750891680638,r
unitedly,6.289750891680638,r
trenchantly,6.289750891680638,r
immoderately,6.289750891680638,r
plastically,6.289750891680638,r
palely,6.3006673061697365,r
wishfully,6.3006673061697365,r
caudally,6.3006673061697365,r
cloyingly,6.3006673061697365,r
inelegantly,6.3006673061697365,r
luxuriantly,6.3006673061697365,r
obsequiously,6.3006673061697365,r
boundlessly,6.310247719997592,r
wholesomely,6.310247719997592,r
nohow,6.310247719997592,r
horridly,6.310247719997592,r
morosely,6.310247719997592,r
wanly,6.310247719997592,r
professedly,6.310247719997592,r
unhurriedly,6.310247719997592,r
insincerely,6.310247719997592,r
efficaciously,6.310247719997592,r
sweepingly,6.310247719997592,r
dexterously,6.310247719997592,r
drowsily,6.320044251510242,r
crossly,6.320044251510242,r
overpoweringly,6.320044251510242,r
accelerando,6.320044251510242,"s, n, r"
discouragingly,6.320044251510242,r
stolidly,6.320044251510242,r
jerkily,6.320044251510242,r
disappointedly,6.320044251510242,r
rurally,6.320044251510242,r
hereinbefore,6.320044251510242,r
skimpily,6.320044251510242,r
cursorily,6.330066876668705,r
transversally,6.330066876668705,r
trustingly,6.330066876668705,r
perfunctorily,6.340326278518961,r
transcendentally,6.340326278518961,r
repulsively,6.340326278518961,r
portentously,6.340326278518961,r
sneeringly,6.340326278518961,r
artlessly,6.340326278518961,r
unenthusiastically,6.340326278518961,r
pressingly,6.340326278518961,r
melodiously,6.340326278518961,r
offhanded,6.340326278518961,"s, r"
luridly,6.340326278518961,r
exasperatingly,6.350833915635468,r
huskily,6.350833915635468,r
vulnerably,6.350833915635468,r
youthfully,6.350833915635468,r
tranquilly,6.350833915635468,r
contradictorily,6.359788758288393,r
antagonistically,6.359788758288393,r
equivocally,6.359788758288393,r
unsparingly,6.359788758288393,r
piteously,6.359788758288393,r
opportunely,6.359788758288393,r
solitarily,6.359788758288393,r
ungratefully,6.359788758288393,r
residentially,6.359788758288393,r
vengefully,6.370784142589857,r
impudently,6.370784142589857,r
angelically,6.370784142589857,r
voluptuously,6.370784142589857,r
inauspiciously,6.370784142589857,r
punctiliously,6.370784142589857,r
compatibly,6.370784142589857,r
indecisively,6.370784142589857,r
pitilessly,6.370784142589857,r
preponderantly,6.370784142589857,r
longways,6.370784142589857,"n, r"
influentially,6.370784142589857,r
spiritedly,6.370784142589857,r
amain,6.370784142589857,r
sinuously,6.380164517660111,r
conjecturally,6.380164517660111,r
pungently,6.380164517660111,r
penetratingly,6.380164517660111,r
unfashionably,6.380164517660111,r
privily,6.380164517660111,r
defectively,6.380164517660111,r
aslant,6.380164517660111,"s, r"
cozily,6.380164517660111,r
patronizingly,6.380164517660111,r
revoltingly,6.380164517660111,r
tiresomely,6.380164517660111,r
rearwards,6.380164517660111,"n, r"
tumultuously,6.380164517660111,r
sketchily,6.380164517660111,r
sanctimoniously,6.380164517660111,r
tactlessly,6.380164517660111,r
buoyantly,6.389751981665837,r
scenically,6.389751981665837,r
disruptively,6.389751981665837,r
surpassingly,6.389751981665837,r
rebelliously,6.389751981665837,r
solicitously,6.389751981665837,r
nattily,6.389751981665837,r
sacredly,6.389751981665837,r
nefariously,6.389751981665837,r
amidship,6.389751981665837,"s, r"
instructively,6.389751981665837,r
apathetically,6.389751981665837,r
uprightly,6.399555885159882,r
tropically,6.399555885159882,r
inoffensively,6.399555885159882,r
balefully,6.399555885159882,r
metonymically,6.399555885159882,r
discordantly,6.399555885159882,r
impertinently,6.399555885159882,r
departmentally,6.399555885159882,r
opaquely,6.399555885159882,r
autocratically,6.399555885159882,r
terrestrially,6.399555885159882,r
vacuously,6.409586226650809,r
immaturely,6.409586226650809,r
unreliably,6.409586226650809,r
imposingly,6.409586226650809,r
unimaginatively,6.409586226650809,r
unblinkingly,6.409586226650809,r
seriatim,6.409586226650809,r
multiplicatively,6.409586226650809,r
impishly,6.409586226650809,r
dauntingly,6.409586226650809,r
malignantly,6.409586226650809,r
lingually,6.409586226650809,r
untruthfully,6.409586226650809,r
chivalrously,6.419853713888946,r
reversely,6.419853713888946,r
culpably,6.419853713888946,r
unfaithfully,6.419853713888946,r
reproachfully,6.419853713888946,r
unemotionally,6.419853713888946,r
tolerantly,6.419853713888946,r
tepidly,6.419853713888946,r
lusciously,6.430369832574101,r
dizzily,6.430369832574101,r
opulently,6.430369832574101,r
polemically,6.430369832574101,r
watchfully,6.430369832574101,r
sulkily,6.430369832574101,r
overside,6.430369832574101,r
farcically,6.430369832574101,r
focally,6.430369832574101,r
convexly,6.430369832574101,r
precipitately,6.430369832574101,r
unattractively,6.430369832574101,r
matrilineally,6.438970004336018,r
contagiously,6.438970004336018,r
unendingly,6.438970004336018,r
diffidently,6.438970004336018,r
despitefully,6.438970004336018,r
permissibly,6.438970004336018,r
lasciviously,6.438970004336018,r
hesitatingly,6.438970004336018,r
sideward,6.438970004336018,r
dolefully,6.449965388637482,r
circumspectly,6.449965388637482,r
nowise,6.449965388637482,r
philanthropically,6.449965388637482,r
dashingly,6.449965388637482,r
queerly,6.449965388637482,r
materialistically,6.449965388637482,r
tauntingly,6.458966632752271,r
exultantly,6.458966632752271,r
rakishly,6.458966632752271,r
impiously,6.458966632752271,r
lengthily,6.458966632752271,r
venomously,6.458966632752271,r
understandingly,6.458966632752271,r
obtrusively,6.458966632752271,r
fearsomely,6.458966632752271,r
barebacked,6.470487055782082,"s, r"
toughly,6.470487055782082,r
blasphemously,6.470487055782082,r
leastwise,6.470487055782082,r
ignobly,6.470487055782082,r
sparely,6.470487055782082,r
conically,6.470487055782082,r
invincibly,6.470487055782082,r
intermediately,6.470487055782082,r
ungracefully,6.470487055782082,r
confessedly,6.470487055782082,r
telescopically,6.470487055782082,r
feelingly,6.470487055782082,r
sidewards,6.479928612014925,r
gregariously,6.479928612014925,r
sinusoidally,6.479928612014925,r
tardily,6.479928612014925,r
undemocratically,6.479928612014925,r
intractably,6.479928612014925,r
perniciously,6.479928612014925,r
dorsoventrally,6.479928612014925,r
unstintingly,6.479928612014925,r
silkily,6.479928612014925,r
trippingly,6.489579997691106,r
practicably,6.489579997691106,r
immovably,6.489579997691106,r
nebulously,6.489579997691106,r
distastefully,6.489579997691106,r
overbearingly,6.489579997691106,r
fatuously,6.489579997691106,r
laxly,6.489579997691106,r
torturously,6.489579997691106,r
impolitely,6.489579997691106,r
inexpertly,6.489579997691106,r
imploringly,6.4994507517174,r
meteorologically,6.4994507517174,r
resourcefully,6.4994507517174,r
unadvisedly,6.4994507517174,r
credulously,6.4994507517174,r
stingily,6.4994507517174,r
didactically,6.509551078621725,r
inscrutably,6.509551078621725,r
dichotomously,6.509551078621725,r
semimonthly,6.509551078621725,"s, n, r"
witheringly,6.509551078621725,r
amorously,6.509551078621725,r
bloodlessly,6.519891911959944,r
amateurishly,6.519891911959944,r
interrogatively,6.519891911959944,r
floridly,6.519891911959944,r
unproductively,6.519891911959944,r
unshakably,6.519891911959944,r
fussily,6.519891911959944,r
ingloriously,6.519891911959944,r
indolently,6.519891911959944,r
incestuously,6.519891911959944,r
parentally,6.519891911959944,r
girlishly,6.519891911959944,r
someways,6.5304849854573686,r
patrilineally,6.5304849854573686,r
intrepidly,6.5304849854573686,r
unsympathetically,6.5304849854573686,r
fulsomely,6.5304849854573686,r
contemptibly,6.5304849854573686,r
unassumingly,6.541342913045577,r
stonily,6.541342913045577,r
nocturnally,6.541342913045577,r
bewitchingly,6.541342913045577,r
sedulously,6.541342913045577,r
saucily,6.541342913045577,r
naughtily,6.5496683018297075,r
frenziedly,6.5496683018297075,r
unscientifically,6.5496683018297075,r
meagerly,6.5496683018297075,"a, r"
officiously,6.5496683018297075,r
disagreeably,6.5496683018297075,r
mundanely,6.5496683018297075,r
calculatingly,6.5496683018297075,r
inexhaustibly,6.5496683018297075,r
magisterially,6.5496683018297075,r
forbiddingly,6.5496683018297075,r
meritoriously,6.5496683018297075,r
prestissimo,6.5496683018297075,"s, r"
perseveringly,6.56102305270683,r
stirringly,6.56102305270683,r
sententiously,6.56102305270683,r
pacifically,6.56102305270683,r
dazedly,6.56102305270683,r
untidily,6.56102305270683,r
temperately,6.56102305270683,r
unsuitably,6.56102305270683,r
antecedently,6.56102305270683,r
adverbially,6.56102305270683,r
inarticulately,6.56102305270683,r
cerebrally,6.56102305270683,r
consolingly,6.56102305270683,r
argumentatively,6.56102305270683,r
huffily,6.56102305270683,r
hostilely,6.56102305270683,r
tunefully,6.569738284605042,r
ingenuously,6.569738284605042,r
languorously,6.569738284605042,r
grandiosely,6.569738284605042,r
reputably,6.569738284605042,r
uncontroversially,6.569738284605042,r
captivatingly,6.569738284605042,r
semiweekly,6.569738284605042,"s, n, r"
gracelessly,6.569738284605042,r
congenially,6.569738284605042,r
improvidently,6.569738284605042,r
astraddle,6.569738284605042,r
bacterially,6.569738284605042,r
sonorously,6.569738284605042,r
superfluously,6.569738284605042,r
becomingly,6.578631997765025,r
informatively,6.578631997765025,r
servilely,6.578631997765025,r
designedly,6.578631997765025,r
uncomplainingly,6.578631997765025,r
frostily,6.578631997765025,r
affectingly,6.578631997765025,r
penally,6.590780887344619,r
pityingly,6.590780887344619,r
wonderingly,6.590780887344619,r
lethargically,6.590780887344619,r
thirstily,6.600120913598763,r
ornamentally,6.600120913598763,r
frigidly,6.600120913598763,r
heavenwards,6.600120913598763,r
vivaciously,6.600120913598763,r
unmanageably,6.609666231504994,r
injuriously,6.609666231504994,r
unchangeably,6.609666231504994,r
bombastically,6.609666231504994,r
traitorously,6.609666231504994,r
endwise,6.609666231504994,r
peevishly,6.609666231504994,r
reprehensibly,6.609666231504994,r
searchingly,6.609666231504994,r
blamelessly,6.609666231504994,r
unpretentiously,6.61942606879415,r
cuttingly,6.61942606879415,r
mistily,6.61942606879415,r
limitedly,6.61942606879415,r
pertly,6.61942606879415,r
parochially,6.61942606879415,r
felicitously,6.61942606879415,r
ungraciously,6.61942606879415,r
unqualifiedly,6.61942606879415,r
prodigally,6.61942606879415,r
manipulatively,6.61942606879415,r
lopsidedly,6.61942606879415,r
lackadaisically,6.61942606879415,r
dourly,6.61942606879415,r
disbelievingly,6.6294102897007505,r
horticulturally,6.6294102897007505,r
unimpeachably,6.6294102897007505,r
smashingly,6.6294102897007505,r
resplendently,6.6294102897007505,r
unprofitably,6.639629454882437,r
slenderly,6.639629454882437,r
woodenly,6.639629454882437,r
contritely,6.639629454882437,r
lawlessly,6.639629454882437,r
attributively,6.639629454882437,r
aggravatingly,6.639629454882437,r
clamorously,6.650094888560602,r
remorsefully,6.650094888560602,r
penitently,6.650094888560602,r
denominationally,6.650094888560602,r
ashamedly,6.650094888560602,r
turbulently,6.650094888560602,r
tunelessly,6.660818753952375,r
inalienably,6.660818753952375,r
flimsily,6.660818753952375,r
objectionably,6.660818753952375,r
poisonously,6.660818753952375,r
drably,6.671814138253837,r
unrecognizably,6.671814138253837,r
shamefacedly,6.671814138253837,r
inopportunely,6.671814138253837,r
speciously,6.671814138253837,r
unconcernedly,6.671814138253837,r
truculently,6.671814138253837,r
sixthly,6.679302159646388,r
timorously,6.679302159646388,r
winsomely,6.679302159646388,r
egotistically,6.679302159646388,r
illegibly,6.679302159646388,r
tastelessly,6.679302159646388,r
inspirationally,6.679302159646388,r
ascetically,6.679302159646388,r
munificently,6.679302159646388,r
hazardously,6.679302159646388,r
disadvantageously,6.679302159646388,r
concavely,6.690781977329818,r
roguishly,6.690781977329818,r
extortionately,6.690781977329818,r
predicatively,6.690781977329818,r
perspicuously,6.690781977329818,r
tendentiously,6.690781977329818,r
inquiringly,6.690781977329818,r
underhandedly,6.690781977329818,r
perfidiously,6.690781977329818,r
deucedly,6.690781977329818,r
cagily,6.690781977329818,r
adjectivally,6.690781977329818,r
obdurately,6.690781977329818,r
distributively,6.698607314841775,r
inconsequentially,6.698607314841775,r
hectically,6.698607314841775,r
joylessly,6.698607314841775,r
odiously,6.698607314841775,r
discourteously,6.698607314841775,r
evenhandedly,6.698607314841775,r
chirpily,6.698607314841775,r
ripely,6.698607314841775,r
lugubriously,6.71061622231479,r
quixotically,6.71061622231479,r
martially,6.71061622231479,r
fretfully,6.71061622231479,r
unnoticeably,6.71061622231479,r
motionlessly,6.71061622231479,r
permissively,6.71061622231479,r
pluckily,6.71061622231479,r
falteringly,6.71061622231479,r
restfully,6.71061622231479,r
snobbishly,6.718810700930062,r
volitionally,6.718810700930062,r
desolately,6.718810700930062,r
lineally,6.718810700930062,r
equably,6.718810700930062,r
dementedly,6.718810700930062,r
jaggedly,6.718810700930062,r
inorganically,6.718810700930062,r
aristocratically,6.718810700930062,r
plaguy,6.731399828238082,"s, r"
intradermally,6.731399828238082,r
importunately,6.731399828238082,r
reservedly,6.731399828238082,r
thriftily,6.731399828238082,r
